{
    "type": "FeatureCollection",
    "features": [
        {
            "type": "Feature",
            "geometry": {
                "type": "Point",
                "coordinates": [
                    139.86101,
                    35.8106
                ]
            },
            "properties": {
                "施設ID": "35.48382,139.51397",
                "橋梁名": "市道6093号線橋",
                "路線名": "市道6093号線",
                "管理者": "八潮市",
                "管理事務所": "八潮市",
                "緯度": 35.8106,
                "経度": 139.86101,
                "架設年度": "",
                "橋長": 3.0,
                "幅員": 3.0,
                "点検年度": 2021,
                "判定区分": "3",
                "措置状況": "3",
                "更新日時": "2026-03-25T15:07:35+09:00"
            }
        },
        {
            "type": "Feature",
            "geometry": {
                "type": "Point",
                "coordinates": [
                    139.82329,
                    35.79552
                ]
            },
            "properties": {
                "施設ID": "35.79552,139.82329",
                "橋梁名": "浮花橋",
                "路線名": "県道平方東京線",
                "管理者": "埼玉県",
                "管理事務所": "越谷県土整備事務所",
                "緯度": 35.79552,
                "経度": 139.82329,
                "架設年度": "2001",
                "橋長": 40.5,
                "幅員": 20.8,
                "点検年度": 2021,
                "判定区分": "2",
                "措置状況": "8",
                "更新日時": "2025-11-01T00:00:00+09:00"
            }
        },
        {
            "type": "Feature",
            "geometry": {
                "type": "Point",
                "coordinates": [
                    139.84619,
                    35.79957
                ]
            },
            "properties": {
                "施設ID": "35.79957,139.84619",
                "橋梁名": "市道7097号線橋",
                "路線名": "市道7097号線",
                "管理者": "八潮市",
                "管理事務所": "八潮市",
                "緯度": 35.79957,
                "経度": 139.84619,
                "架設年度": "",
                "橋長": 5.0,
                "幅員": 8.3,
                "点検年度": 2024,
                "判定区分": "2",
                "措置状況": "8",
                "更新日時": "2025-11-01T00:00:00+09:00"
            }
        },
        {
            "type": "Feature",
            "geometry": {
                "type": "Point",
                "coordinates": [
                    139.85221,
                    35.80031
                ]
            },
            "properties": {
                "施設ID": "35.80031,139.85221",
                "橋梁名": "潮止橋橋側歩道橋(下り)",
                "路線名": "県道松戸草加線",
                "管理者": "埼玉県",
                "管理事務所": "越谷県土整備事務所",
                "緯度": 35.80031,
                "経度": 139.85221,
                "架設年度": "1969",
                "橋長": 135.5,
                "幅員": 1.5,
                "点検年度": 2025,
                "判定区分": "3",
                "措置状況": "1",
                "更新日時": "2026-02-12T16:28:46+09:00"
            }
        },
        {
            "type": "Feature",
            "geometry": {
                "type": "Point",
                "coordinates": [
                    139.85229,
                    35.80037
                ]
            },
            "properties": {
                "施設ID": "35.80032,139.85222",
                "橋梁名": "潮止橋橋側歩道橋(上り)",
                "路線名": "県道松戸草加線",
                "管理者": "埼玉県",
                "管理事務所": "越谷県土整備事務所",
                "緯度": 35.80037,
                "経度": 139.85229,
                "架設年度": "1969",
                "橋長": 135.5,
                "幅員": 1.5,
                "点検年度": 2025,
                "判定区分": "3",
                "措置状況": "1",
                "更新日時": "2026-02-12T16:26:33+09:00"
            }
        },
        {
            "type": "Feature",
            "geometry": {
                "type": "Point",
                "coordinates": [
                    139.8466,
                    35.80054
                ]
            },
            "properties": {
                "施設ID": "35.80054,139.84660",
                "橋梁名": "市道7096号線橋",
                "路線名": "市道7096号線",
                "管理者": "八潮市",
                "管理事務所": "八潮市",
                "緯度": 35.80054,
                "経度": 139.8466,
                "架設年度": "",
                "橋長": 5.0,
                "幅員": 8.3,
                "点検年度": 2024,
                "判定区分": "2",
                "措置状況": "8",
                "更新日時": "2025-11-01T00:00:00+09:00"
            }
        },
        {
            "type": "Feature",
            "geometry": {
                "type": "Point",
                "coordinates": [
                    139.85225,
                    35.80034
                ]
            },
            "properties": {
                "施設ID": "35.80078,139.85162",
                "橋梁名": "潮止橋",
                "路線名": "県道松戸草加線",
                "管理者": "埼玉県",
                "管理事務所": "越谷県土整備事務所",
                "緯度": 35.80034,
                "経度": 139.85225,
                "架設年度": "1957",
                "橋長": 135.9,
                "幅員": 6.6,
                "点検年度": 2025,
                "判定区分": "3",
                "措置状況": "1",
                "更新日時": "2026-03-25T18:04:05+09:00"
            }
        },
        {
            "type": "Feature",
            "geometry": {
                "type": "Point",
                "coordinates": [
                    139.83928,
                    35.80081
                ]
            },
            "properties": {
                "施設ID": "35.80081,139.83928",
                "橋梁名": "市道7074号線橋",
                "路線名": "市道7074号線",
                "管理者": "八潮市",
                "管理事務所": "八潮市",
                "緯度": 35.80081,
                "経度": 139.83928,
                "架設年度": "",
                "橋長": 6.0,
                "幅員": 5.0,
                "点検年度": 2024,
                "判定区分": "1",
                "措置状況": "0",
                "更新日時": "2025-11-01T00:00:00+09:00"
            }
        },
        {
            "type": "Feature",
            "geometry": {
                "type": "Point",
                "coordinates": [
                    139.83972,
                    35.80083
                ]
            },
            "properties": {
                "施設ID": "35.80083,139.83972",
                "橋梁名": "市道0830号線橋",
                "路線名": "市道0830号線",
                "管理者": "八潮市",
                "管理事務所": "八潮市",
                "緯度": 35.80083,
                "経度": 139.83972,
                "架設年度": "",
                "橋長": 6.0,
                "幅員": 18.7,
                "点検年度": 2024,
                "判定区分": "1",
                "措置状況": "0",
                "更新日時": "2025-11-01T00:00:00+09:00"
            }
        },
        {
            "type": "Feature",
            "geometry": {
                "type": "Point",
                "coordinates": [
                    139.82737,
                    35.80109
                ]
            },
            "properties": {
                "施設ID": "35.80109,139.82737",
                "橋梁名": "市道4117号線橋",
                "路線名": "市道4117号線",
                "管理者": "八潮市",
                "管理事務所": "八潮市",
                "緯度": 35.80109,
                "経度": 139.82737,
                "架設年度": "",
                "橋長": 4.0,
                "幅員": 8.5,
                "点検年度": 2024,
                "判定区分": "1",
                "措置状況": "0",
                "更新日時": "2025-11-01T00:00:00+09:00"
            }
        },
        {
            "type": "Feature",
            "geometry": {
                "type": "Point",
                "coordinates": [
                    139.84704,
                    35.80151
                ]
            },
            "properties": {
                "施設ID": "35.80151,139.84704",
                "橋梁名": "市道7093号線橋",
                "路線名": "市道7093号線",
                "管理者": "八潮市",
                "管理事務所": "八潮市",
                "緯度": 35.80151,
                "経度": 139.84704,
                "架設年度": "",
                "橋長": 5.0,
                "幅員": 7.3,
                "点検年度": 2024,
                "判定区分": "2",
                "措置状況": "8",
                "更新日時": "2025-11-01T00:00:00+09:00"
            }
        },
        {
            "type": "Feature",
            "geometry": {
                "type": "Point",
                "coordinates": [
                    139.8475,
                    35.80267
                ]
            },
            "properties": {
                "施設ID": "35.80267,139.84750",
                "橋梁名": "市道0462号線橋",
                "路線名": "市道0462号線",
                "管理者": "八潮市",
                "管理事務所": "八潮市",
                "緯度": 35.80267,
                "経度": 139.8475,
                "架設年度": "",
                "橋長": 4.0,
                "幅員": 9.9,
                "点検年度": 2024,
                "判定区分": "2",
                "措置状況": "8",
                "更新日時": "2025-11-01T00:00:00+09:00"
            }
        },
        {
            "type": "Feature",
            "geometry": {
                "type": "Point",
                "coordinates": [
                    139.84806,
                    35.80347
                ]
            },
            "properties": {
                "施設ID": "35.80347,139.84806",
                "橋梁名": "市道9045号線橋",
                "路線名": "市道9045号線",
                "管理者": "八潮市",
                "管理事務所": "八潮市",
                "緯度": 35.80347,
                "経度": 139.84806,
                "架設年度": "",
                "橋長": 6.0,
                "幅員": 19.7,
                "点検年度": 2023,
                "判定区分": "1",
                "措置状況": "0",
                "更新日時": "2025-11-01T00:00:00+09:00"
            }
        },
        {
            "type": "Feature",
            "geometry": {
                "type": "Point",
                "coordinates": [
                    139.84823,
                    35.80408
                ]
            },
            "properties": {
                "施設ID": "35.80412,139.84821",
                "橋梁名": "伊勢野二号橋",
                "路線名": "県道松戸草加線",
                "管理者": "埼玉県",
                "管理事務所": "越谷県土整備事務所",
                "緯度": 35.80408,
                "経度": 139.84823,
                "架設年度": "1968",
                "橋長": 7.0,
                "幅員": 16.9,
                "点検年度": 2025,
                "判定区分": "1",
                "措置状況": "0",
                "更新日時": "2026-03-25T11:36:26+09:00"
            }
        },
        {
            "type": "Feature",
            "geometry": {
                "type": "Point",
                "coordinates": [
                    139.85134,
                    35.80417
                ]
            },
            "properties": {
                "施設ID": "35.80417,139.85134",
                "橋梁名": "市道6221号線橋",
                "路線名": "市道6221号線",
                "管理者": "八潮市",
                "管理事務所": "八潮市",
                "緯度": 35.80417,
                "経度": 139.85134,
                "架設年度": "",
                "橋長": 3.0,
                "幅員": 8.0,
                "点検年度": 2024,
                "判定区分": "2",
                "措置状況": "8",
                "更新日時": "2025-11-01T00:00:00+09:00"
            }
        },
        {
            "type": "Feature",
            "geometry": {
                "type": "Point",
                "coordinates": [
                    139.82733,
                    35.80427
                ]
            },
            "properties": {
                "施設ID": "35.80427,139.82733",
                "橋梁名": "市道4092号線橋",
                "路線名": "市道4092号線",
                "管理者": "八潮市",
                "管理事務所": "八潮市",
                "緯度": 35.80427,
                "経度": 139.82733,
                "架設年度": "",
                "橋長": 2.0,
                "幅員": 4.3,
                "点検年度": 2024,
                "判定区分": "1",
                "措置状況": "0",
                "更新日時": "2025-11-01T00:00:00+09:00"
            }
        },
        {
            "type": "Feature",
            "geometry": {
                "type": "Point",
                "coordinates": [
                    139.82731,
                    35.80468
                ]
            },
            "properties": {
                "施設ID": "35.80468,139.82731",
                "橋梁名": "市道4091号線橋",
                "路線名": "市道4091号線",
                "管理者": "八潮市",
                "管理事務所": "八潮市",
                "緯度": 35.80468,
                "経度": 139.82731,
                "架設年度": "",
                "橋長": 2.0,
                "幅員": 4.4,
                "点検年度": 2024,
                "判定区分": "1",
                "措置状況": "0",
                "更新日時": "2025-11-01T00:00:00+09:00"
            }
        },
        {
            "type": "Feature",
            "geometry": {
                "type": "Point",
                "coordinates": [
                    139.84842,
                    35.80475
                ]
            },
            "properties": {
                "施設ID": "35.80475,139.84842",
                "橋梁名": "市道10060号線橋",
                "路線名": "市道10060号線",
                "管理者": "八潮市",
                "管理事務所": "八潮市",
                "緯度": 35.80475,
                "経度": 139.84842,
                "架設年度": "",
                "橋長": 7.0,
                "幅員": 6.0,
                "点検年度": 2023,
                "判定区分": "1",
                "措置状況": "0",
                "更新日時": "2025-11-01T00:00:00+09:00"
            }
        },
        {
            "type": "Feature",
            "geometry": {
                "type": "Point",
                "coordinates": [
                    139.82729,
                    35.8049
                ]
            },
            "properties": {
                "施設ID": "35.80490,139.82729",
                "橋梁名": "市道4075号線橋",
                "路線名": "市道4075号線",
                "管理者": "八潮市",
                "管理事務所": "八潮市",
                "緯度": 35.8049,
                "経度": 139.82729,
                "架設年度": "",
                "橋長": 2.0,
                "幅員": 3.5,
                "点検年度": 2024,
                "判定区分": "1",
                "措置状況": "0",
                "更新日時": "2025-11-01T00:00:00+09:00"
            }
        },
        {
            "type": "Feature",
            "geometry": {
                "type": "Point",
                "coordinates": [
                    139.84872,
                    35.80542
                ]
            },
            "properties": {
                "施設ID": "35.80542,139.84872",
                "橋梁名": "市道10055号線",
                "路線名": "市道10055号線",
                "管理者": "八潮市",
                "管理事務所": "八潮市",
                "緯度": 35.80542,
                "経度": 139.84872,
                "架設年度": "1984",
                "橋長": 5.0,
                "幅員": 6.0,
                "点検年度": 2023,
                "判定区分": "1",
                "措置状況": "0",
                "更新日時": "2025-11-01T00:00:00+09:00"
            }
        },
        {
            "type": "Feature",
            "geometry": {
                "type": "Point",
                "coordinates": [
                    139.84892,
                    35.80589
                ]
            },
            "properties": {
                "施設ID": "35.80589,139.84892",
                "橋梁名": "市道10054号線橋",
                "路線名": "市道10054号線",
                "管理者": "八潮市",
                "管理事務所": "八潮市",
                "緯度": 35.80589,
                "経度": 139.84892,
                "架設年度": "",
                "橋長": 7.0,
                "幅員": 6.0,
                "点検年度": 2023,
                "判定区分": "1",
                "措置状況": "0",
                "更新日時": "2025-11-01T00:00:00+09:00"
            }
        },
        {
            "type": "Feature",
            "geometry": {
                "type": "Point",
                "coordinates": [
                    139.84914,
                    35.80639
                ]
            },
            "properties": {
                "施設ID": "35.80639,139.84914",
                "橋梁名": "市道10053号線橋",
                "路線名": "市道10053号線",
                "管理者": "八潮市",
                "管理事務所": "八潮市",
                "緯度": 35.80639,
                "経度": 139.84914,
                "架設年度": "1984",
                "橋長": 5.0,
                "幅員": 6.0,
                "点検年度": 2023,
                "判定区分": "1",
                "措置状況": "0",
                "更新日時": "2025-11-01T00:00:00+09:00"
            }
        },
        {
            "type": "Feature",
            "geometry": {
                "type": "Point",
                "coordinates": [
                    139.84936,
                    35.80689
                ]
            },
            "properties": {
                "施設ID": "35.80689,139.84936",
                "橋梁名": "市道10052号線橋",
                "路線名": "市道10052号線",
                "管理者": "八潮市",
                "管理事務所": "八潮市",
                "緯度": 35.80689,
                "経度": 139.84936,
                "架設年度": "",
                "橋長": 7.0,
                "幅員": 6.0,
                "点検年度": 2023,
                "判定区分": "1",
                "措置状況": "0",
                "更新日時": "2025-11-01T00:00:00+09:00"
            }
        },
        {
            "type": "Feature",
            "geometry": {
                "type": "Point",
                "coordinates": [
                    139.83992,
                    35.80712
                ]
            },
            "properties": {
                "施設ID": "35.80712,139.83992",
                "橋梁名": "市道5229号線橋",
                "路線名": "市道5229号線",
                "管理者": "八潮市",
                "管理事務所": "八潮市",
                "緯度": 35.80712,
                "経度": 139.83992,
                "架設年度": "",
                "橋長": 4.0,
                "幅員": 6.0,
                "点検年度": 2024,
                "判定区分": "2",
                "措置状況": "8",
                "更新日時": "2025-11-01T00:00:00+09:00"
            }
        },
        {
            "type": "Feature",
            "geometry": {
                "type": "Point",
                "coordinates": [
                    139.84958,
                    35.80739
                ]
            },
            "properties": {
                "施設ID": "35.80739,139.84958",
                "橋梁名": "市道10051号線橋",
                "路線名": "市道10051号線",
                "管理者": "八潮市",
                "管理事務所": "八潮市",
                "緯度": 35.80739,
                "経度": 139.84958,
                "架設年度": "1984",
                "橋長": 5.0,
                "幅員": 7.0,
                "点検年度": 2023,
                "判定区分": "1",
                "措置状況": "0",
                "更新日時": "2025-11-01T00:00:00+09:00"
            }
        },
        {
            "type": "Feature",
            "geometry": {
                "type": "Point",
                "coordinates": [
                    139.83853,
                    35.80765
                ]
            },
            "properties": {
                "施設ID": "35.80772,139.83860",
                "橋梁名": "葛西橋(上り)",
                "路線名": "県道八潮三郷線",
                "管理者": "埼玉県",
                "管理事務所": "越谷県土整備事務所",
                "緯度": 35.80765,
                "経度": 139.83853,
                "架設年度": "1984",
                "橋長": 14.7,
                "幅員": 13.8,
                "点検年度": 2025,
                "判定区分": "1",
                "措置状況": "0",
                "更新日時": "2026-02-12T15:40:47+09:00"
            }
        },
        {
            "type": "Feature",
            "geometry": {
                "type": "Point",
                "coordinates": [
                    139.83828,
                    35.80778
                ]
            },
            "properties": {
                "施設ID": "35.80782,139.83835",
                "橋梁名": "葛西橋(下り)",
                "路線名": "県道八潮三郷線",
                "管理者": "埼玉県",
                "管理事務所": "越谷県土整備事務所",
                "緯度": 35.80778,
                "経度": 139.83828,
                "架設年度": "1984",
                "橋長": 14.7,
                "幅員": 15.8,
                "点検年度": 2025,
                "判定区分": "1",
                "措置状況": "0",
                "更新日時": "2026-02-12T15:37:46+09:00"
            }
        },
        {
            "type": "Feature",
            "geometry": {
                "type": "Point",
                "coordinates": [
                    139.84027,
                    35.8079
                ]
            },
            "properties": {
                "施設ID": "35.80790,139.84027",
                "橋梁名": "市道5225号線橋",
                "路線名": "市道5225号線",
                "管理者": "八潮市",
                "管理事務所": "八潮市",
                "緯度": 35.8079,
                "経度": 139.84027,
                "架設年度": "",
                "橋長": 4.0,
                "幅員": 4.0,
                "点検年度": 2024,
                "判定区分": "2",
                "措置状況": "8",
                "更新日時": "2025-11-01T00:00:00+09:00"
            }
        },
        {
            "type": "Feature",
            "geometry": {
                "type": "Point",
                "coordinates": [
                    139.83833,
                    35.80795
                ]
            },
            "properties": {
                "施設ID": "35.80795,139.83833",
                "橋梁名": "市道5221号線橋",
                "路線名": "市道5221号線",
                "管理者": "八潮市",
                "管理事務所": "八潮市",
                "緯度": 35.80795,
                "経度": 139.83833,
                "架設年度": "",
                "橋長": 4.0,
                "幅員": 6.0,
                "点検年度": 2024,
                "判定区分": "2",
                "措置状況": "8",
                "更新日時": "2025-11-01T00:00:00+09:00"
            }
        },
        {
            "type": "Feature",
            "geometry": {
                "type": "Point",
                "coordinates": [
                    139.84986,
                    35.80819
                ]
            },
            "properties": {
                "施設ID": "35.80819,139.84986",
                "橋梁名": "市道0360号線橋",
                "路線名": "市道0360号線",
                "管理者": "八潮市",
                "管理事務所": "八潮市",
                "緯度": 35.80819,
                "経度": 139.84986,
                "架設年度": "",
                "橋長": 10.0,
                "幅員": 24.2,
                "点検年度": 2023,
                "判定区分": "1",
                "措置状況": "0",
                "更新日時": "2025-11-01T00:00:00+09:00"
            }
        },
        {
            "type": "Feature",
            "geometry": {
                "type": "Point",
                "coordinates": [
                    139.84028,
                    35.80833
                ]
            },
            "properties": {
                "施設ID": "35.80833,139.84028",
                "橋梁名": "無名橋",
                "路線名": "市道5223号線",
                "管理者": "八潮市",
                "管理事務所": "八潮市",
                "緯度": 35.80833,
                "経度": 139.84028,
                "架設年度": "",
                "橋長": 5.0,
                "幅員": 6.0,
                "点検年度": 2022,
                "判定区分": "1",
                "措置状況": "0",
                "更新日時": "2025-11-01T00:00:00+09:00"
            }
        },
        {
            "type": "Feature",
            "geometry": {
                "type": "Point",
                "coordinates": [
                    139.83055,
                    35.80847
                ]
            },
            "properties": {
                "施設ID": "35.80847,139.83055",
                "橋梁名": "市道5324号線橋",
                "路線名": "市道5324号線",
                "管理者": "八潮市",
                "管理事務所": "八潮市",
                "緯度": 35.80847,
                "経度": 139.83055,
                "架設年度": "",
                "橋長": 3.1,
                "幅員": 4.0,
                "点検年度": 2025,
                "判定区分": "2",
                "措置状況": "8",
                "更新日時": "2026-03-19T16:18:24+09:00"
            }
        },
        {
            "type": "Feature",
            "geometry": {
                "type": "Point",
                "coordinates": [
                    139.82421,
                    35.80859
                ]
            },
            "properties": {
                "施設ID": "35.80859,139.82421",
                "橋梁名": "市道4067号線橋",
                "路線名": "市道4067号線",
                "管理者": "八潮市",
                "管理事務所": "八潮市",
                "緯度": 35.80859,
                "経度": 139.82421,
                "架設年度": "",
                "橋長": 3.0,
                "幅員": 15.2,
                "点検年度": 2024,
                "判定区分": "2",
                "措置状況": "8",
                "更新日時": "2025-11-01T00:00:00+09:00"
            }
        },
        {
            "type": "Feature",
            "geometry": {
                "type": "Point",
                "coordinates": [
                    139.83667,
                    35.80861
                ]
            },
            "properties": {
                "施設ID": "35.80861,139.83667",
                "橋梁名": "大原橋",
                "路線名": "市道5073号線",
                "管理者": "八潮市",
                "管理事務所": "八潮市",
                "緯度": 35.80861,
                "経度": 139.83667,
                "架設年度": "1979",
                "橋長": 20.0,
                "幅員": 12.8,
                "点検年度": 2022,
                "判定区分": "3",
                "措置状況": "1",
                "更新日時": "2025-11-01T00:00:00+09:00"
            }
        },
        {
            "type": "Feature",
            "geometry": {
                "type": "Point",
                "coordinates": [
                    139.83861,
                    35.80863
                ]
            },
            "properties": {
                "施設ID": "35.80863,139.83861",
                "橋梁名": "市道5218-1号線橋",
                "路線名": "市道5218号線",
                "管理者": "八潮市",
                "管理事務所": "八潮市",
                "緯度": 35.80863,
                "経度": 139.83861,
                "架設年度": "",
                "橋長": 4.0,
                "幅員": 6.0,
                "点検年度": 2024,
                "判定区分": "2",
                "措置状況": "8",
                "更新日時": "2026-05-22T13:33:55+09:00"
            }
        },
        {
            "type": "Feature",
            "geometry": {
                "type": "Point",
                "coordinates": [
                    139.84008,
                    35.80928
                ]
            },
            "properties": {
                "施設ID": "35.80928,139.84008",
                "橋梁名": "市道5349号線橋",
                "路線名": "市道5349号線",
                "管理者": "八潮市",
                "管理事務所": "八潮市",
                "緯度": 35.80928,
                "経度": 139.84008,
                "架設年度": "",
                "橋長": 4.0,
                "幅員": 7.6,
                "点検年度": 2024,
                "判定区分": "2",
                "措置状況": "8",
                "更新日時": "2025-11-01T00:00:00+09:00"
            }
        },
        {
            "type": "Feature",
            "geometry": {
                "type": "Point",
                "coordinates": [
                    139.84,
                    35.80958
                ]
            },
            "properties": {
                "施設ID": "35.80958,139.84000",
                "橋梁名": "市道5218-2号線橋",
                "路線名": "市道5218号線",
                "管理者": "八潮市",
                "管理事務所": "八潮市",
                "緯度": 35.80958,
                "経度": 139.84,
                "架設年度": "1983",
                "橋長": 5.0,
                "幅員": 6.0,
                "点検年度": 2024,
                "判定区分": "2",
                "措置状況": "8",
                "更新日時": "2026-05-22T13:34:15+09:00"
            }
        },
        {
            "type": "Feature",
            "geometry": {
                "type": "Point",
                "coordinates": [
                    139.85317,
                    35.8097
                ]
            },
            "properties": {
                "施設ID": "35.80970,139.85317",
                "橋梁名": "市道6255号線橋",
                "路線名": "市道6255号線",
                "管理者": "八潮市",
                "管理事務所": "八潮市",
                "緯度": 35.8097,
                "経度": 139.85317,
                "架設年度": "2007",
                "橋長": 2.0,
                "幅員": 5.5,
                "点検年度": 2024,
                "判定区分": "1",
                "措置状況": "0",
                "更新日時": "2025-11-01T00:00:00+09:00"
            }
        },
        {
            "type": "Feature",
            "geometry": {
                "type": "Point",
                "coordinates": [
                    139.83994,
                    35.80998
                ]
            },
            "properties": {
                "施設ID": "35.80998,139.83994",
                "橋梁名": "市道5339号線橋",
                "路線名": "市道5339号線",
                "管理者": "八潮市",
                "管理事務所": "八潮市",
                "緯度": 35.80998,
                "経度": 139.83994,
                "架設年度": "",
                "橋長": 4.0,
                "幅員": 7.5,
                "点検年度": 2024,
                "判定区分": "1",
                "措置状況": "0",
                "更新日時": "2025-11-01T00:00:00+09:00"
            }
        },
        {
            "type": "Feature",
            "geometry": {
                "type": "Point",
                "coordinates": [
                    139.83813,
                    35.81009
                ]
            },
            "properties": {
                "施設ID": "35.81009,139.83813",
                "橋梁名": "市道5212-1号線橋",
                "路線名": "市道5212号線",
                "管理者": "八潮市",
                "管理事務所": "八潮市",
                "緯度": 35.81009,
                "経度": 139.83813,
                "架設年度": "",
                "橋長": 3.0,
                "幅員": 8.0,
                "点検年度": 2024,
                "判定区分": "2",
                "措置状況": "8",
                "更新日時": "2025-11-01T00:00:00+09:00"
            }
        },
        {
            "type": "Feature",
            "geometry": {
                "type": "Point",
                "coordinates": [
                    139.85088,
                    35.81035
                ]
            },
            "properties": {
                "施設ID": "35.81035,139.85088",
                "橋梁名": "市道0620号線橋",
                "路線名": "市道0620号線",
                "管理者": "八潮市",
                "管理事務所": "八潮市",
                "緯度": 35.81035,
                "経度": 139.85088,
                "架設年度": "1985",
                "橋長": 5.0,
                "幅員": 6.8,
                "点検年度": 2024,
                "判定区分": "1",
                "措置状況": "0",
                "更新日時": "2025-11-01T00:00:00+09:00"
            }
        },
        {
            "type": "Feature",
            "geometry": {
                "type": "Point",
                "coordinates": [
                    139.83978,
                    35.81038
                ]
            },
            "properties": {
                "施設ID": "35.81038,139.83978",
                "橋梁名": "市道5212-2号線橋",
                "路線名": "市道5212号線",
                "管理者": "八潮市",
                "管理事務所": "八潮市",
                "緯度": 35.81038,
                "経度": 139.83978,
                "架設年度": "",
                "橋長": 4.0,
                "幅員": 8.0,
                "点検年度": 2024,
                "判定区分": "2",
                "措置状況": "8",
                "更新日時": "2025-11-01T00:00:00+09:00"
            }
        },
        {
            "type": "Feature",
            "geometry": {
                "type": "Point",
                "coordinates": [
                    139.84093,
                    35.81052
                ]
            },
            "properties": {
                "施設ID": "35.81052,139.84093",
                "橋梁名": "市道0740号線橋",
                "路線名": "市道0740号線",
                "管理者": "八潮市",
                "管理事務所": "八潮市",
                "緯度": 35.81052,
                "経度": 139.84093,
                "架設年度": "",
                "橋長": 3.0,
                "幅員": 12.0,
                "点検年度": 2024,
                "判定区分": "1",
                "措置状況": "0",
                "更新日時": "2025-11-01T00:00:00+09:00"
            }
        },
        {
            "type": "Feature",
            "geometry": {
                "type": "Point",
                "coordinates": [
                    139.82638,
                    35.81058
                ]
            },
            "properties": {
                "施設ID": "35.81058,139.82638",
                "橋梁名": "市道4037号線橋",
                "路線名": "市道4037号線",
                "管理者": "八潮市",
                "管理事務所": "八潮市",
                "緯度": 35.81058,
                "経度": 139.82638,
                "架設年度": "",
                "橋長": 4.0,
                "幅員": 8.4,
                "点検年度": 2024,
                "判定区分": "2",
                "措置状況": "8",
                "更新日時": "2025-11-01T00:00:00+09:00"
            }
        },
        {
            "type": "Feature",
            "geometry": {
                "type": "Point",
                "coordinates": [
                    139.84144,
                    35.81069
                ]
            },
            "properties": {
                "施設ID": "35.81069,139.84144",
                "橋梁名": "市道5210号線橋",
                "路線名": "市道5210号線",
                "管理者": "八潮市",
                "管理事務所": "八潮市",
                "緯度": 35.81069,
                "経度": 139.84144,
                "架設年度": "",
                "橋長": 3.0,
                "幅員": 8.0,
                "点検年度": 2024,
                "判定区分": "1",
                "措置状況": "0",
                "更新日時": "2025-11-01T00:00:00+09:00"
            }
        },
        {
            "type": "Feature",
            "geometry": {
                "type": "Point",
                "coordinates": [
                    139.85171,
                    35.81125
                ]
            },
            "properties": {
                "施設ID": "35.81125,139.85171",
                "橋梁名": "市道6179号線橋",
                "路線名": "市道6179号線",
                "管理者": "八潮市",
                "管理事務所": "八潮市",
                "緯度": 35.81125,
                "経度": 139.85171,
                "架設年度": "1985",
                "橋長": 5.0,
                "幅員": 5.1,
                "点検年度": 2024,
                "判定区分": "2",
                "措置状況": "8",
                "更新日時": "2025-11-01T00:00:00+09:00"
            }
        },
        {
            "type": "Feature",
            "geometry": {
                "type": "Point",
                "coordinates": [
                    139.83954,
                    35.81128
                ]
            },
            "properties": {
                "施設ID": "35.81128,139.83954",
                "橋梁名": "市道5202号線橋",
                "路線名": "市道5202号線",
                "管理者": "八潮市",
                "管理事務所": "八潮市",
                "緯度": 35.81128,
                "経度": 139.83954,
                "架設年度": "",
                "橋長": 4.0,
                "幅員": 6.0,
                "点検年度": 2024,
                "判定区分": "2",
                "措置状況": "8",
                "更新日時": "2025-11-01T00:00:00+09:00"
            }
        },
        {
            "type": "Feature",
            "geometry": {
                "type": "Point",
                "coordinates": [
                    139.83198,
                    35.81177
                ]
            },
            "properties": {
                "施設ID": "35.81172,139.83196",
                "橋梁名": "境橋側道橋(左)",
                "路線名": "県道平方東京線",
                "管理者": "埼玉県",
                "管理事務所": "越谷県土整備事務所",
                "緯度": 35.81177,
                "経度": 139.83198,
                "架設年度": "1971",
                "橋長": 14.5,
                "幅員": 1.7,
                "点検年度": 2025,
                "判定区分": "1",
                "措置状況": "0",
                "更新日時": "2026-02-12T16:18:40+09:00"
            }
        },
        {
            "type": "Feature",
            "geometry": {
                "type": "Point",
                "coordinates": [
                    139.83192,
                    35.81181
                ]
            },
            "properties": {
                "施設ID": "35.81175,139.83189",
                "橋梁名": "境橋",
                "路線名": "県道平方東京線",
                "管理者": "埼玉県",
                "管理事務所": "越谷県土整備事務所",
                "緯度": 35.81181,
                "経度": 139.83192,
                "架設年度": "1960",
                "橋長": 14.0,
                "幅員": 6.0,
                "点検年度": 2025,
                "判定区分": "2",
                "措置状況": "8",
                "更新日時": "2026-02-12T16:12:24+09:00"
            }
        },
        {
            "type": "Feature",
            "geometry": {
                "type": "Point",
                "coordinates": [
                    139.84103,
                    35.81202
                ]
            },
            "properties": {
                "施設ID": "35.81202,139.84103",
                "橋梁名": "市道5204号線橋",
                "路線名": "市道5204号線",
                "管理者": "八潮市",
                "管理事務所": "八潮市",
                "緯度": 35.81202,
                "経度": 139.84103,
                "架設年度": "",
                "橋長": 3.0,
                "幅員": 6.0,
                "点検年度": 2025,
                "判定区分": "1",
                "措置状況": "0",
                "更新日時": "2026-03-19T17:08:36+09:00"
            }
        },
        {
            "type": "Feature",
            "geometry": {
                "type": "Point",
                "coordinates": [
                    139.83899,
                    35.81211
                ]
            },
            "properties": {
                "施設ID": "35.81211,139.83899",
                "橋梁名": "市道5201号線橋",
                "路線名": "市道5201号線",
                "管理者": "八潮市",
                "管理事務所": "八潮市",
                "緯度": 35.81211,
                "経度": 139.83899,
                "架設年度": "",
                "橋長": 4.0,
                "幅員": 6.0,
                "点検年度": 2024,
                "判定区分": "2",
                "措置状況": "8",
                "更新日時": "2025-11-01T00:00:00+09:00"
            }
        },
        {
            "type": "Feature",
            "geometry": {
                "type": "Point",
                "coordinates": [
                    139.83758,
                    35.8123
                ]
            },
            "properties": {
                "施設ID": "35.81230,139.83758",
                "橋梁名": "市道0720-1号線橋",
                "路線名": "市道0720号線",
                "管理者": "八潮市",
                "管理事務所": "八潮市",
                "緯度": 35.8123,
                "経度": 139.83758,
                "架設年度": "",
                "橋長": 3.0,
                "幅員": 12.0,
                "点検年度": 2024,
                "判定区分": "1",
                "措置状況": "0",
                "更新日時": "2025-11-01T00:00:00+09:00"
            }
        },
        {
            "type": "Feature",
            "geometry": {
                "type": "Point",
                "coordinates": [
                    139.85178,
                    35.81231
                ]
            },
            "properties": {
                "施設ID": "35.81231,139.85178",
                "橋梁名": "市道6180号線橋",
                "路線名": "市道6180号線",
                "管理者": "八潮市",
                "管理事務所": "八潮市",
                "緯度": 35.81231,
                "経度": 139.85178,
                "架設年度": "1985",
                "橋長": 4.0,
                "幅員": 5.3,
                "点検年度": 2024,
                "判定区分": "2",
                "措置状況": "8",
                "更新日時": "2025-11-01T00:00:00+09:00"
            }
        },
        {
            "type": "Feature",
            "geometry": {
                "type": "Point",
                "coordinates": [
                    139.83873,
                    35.81251
                ]
            },
            "properties": {
                "施設ID": "35.81251,139.83873",
                "橋梁名": "市道0720-2号線橋",
                "路線名": "市道0720号線",
                "管理者": "八潮市",
                "管理事務所": "八潮市",
                "緯度": 35.81251,
                "経度": 139.83873,
                "架設年度": "",
                "橋長": 4.0,
                "幅員": 12.0,
                "点検年度": 2024,
                "判定区分": "2",
                "措置状況": "8",
                "更新日時": "2025-11-01T00:00:00+09:00"
            }
        },
        {
            "type": "Feature",
            "geometry": {
                "type": "Point",
                "coordinates": [
                    139.83018,
                    35.81274
                ]
            },
            "properties": {
                "施設ID": "35.81274,139.83018",
                "橋梁名": "市道5320号線橋",
                "路線名": "市道5320号線",
                "管理者": "八潮市",
                "管理事務所": "八潮市",
                "緯度": 35.81274,
                "経度": 139.83018,
                "架設年度": "",
                "橋長": 3.4,
                "幅員": 6.0,
                "点検年度": 2025,
                "判定区分": "1",
                "措置状況": "0",
                "更新日時": "2026-03-31T16:16:23+09:00"
            }
        },
        {
            "type": "Feature",
            "geometry": {
                "type": "Point",
                "coordinates": [
                    139.83028,
                    35.81278
                ]
            },
            "properties": {
                "施設ID": "35.81278,139.83028",
                "橋梁名": "新境橋",
                "路線名": "市道5315号線",
                "管理者": "八潮市",
                "管理事務所": "八潮市",
                "緯度": 35.81278,
                "経度": 139.83028,
                "架設年度": "1978",
                "橋長": 14.2,
                "幅員": 7.2,
                "点検年度": 2021,
                "判定区分": "1",
                "措置状況": "0",
                "更新日時": "2025-11-01T00:00:00+09:00"
            }
        },
        {
            "type": "Feature",
            "geometry": {
                "type": "Point",
                "coordinates": [
                    139.82921,
                    35.81286
                ]
            },
            "properties": {
                "施設ID": "35.81286,139.82921",
                "橋梁名": "市道5307号線橋",
                "路線名": "市道5307号線",
                "管理者": "八潮市",
                "管理事務所": "八潮市",
                "緯度": 35.81286,
                "経度": 139.82921,
                "架設年度": "",
                "橋長": 3.6,
                "幅員": 11.0,
                "点検年度": 2025,
                "判定区分": "2",
                "措置状況": "8",
                "更新日時": "2026-03-19T17:07:51+09:00"
            }
        },
        {
            "type": "Feature",
            "geometry": {
                "type": "Point",
                "coordinates": [
                    139.8408,
                    35.81287
                ]
            },
            "properties": {
                "施設ID": "35.81287,139.84080",
                "橋梁名": "市道0720-3号線橋",
                "路線名": "市道0720号線",
                "管理者": "八潮市",
                "管理事務所": "八潮市",
                "緯度": 35.81287,
                "経度": 139.8408,
                "架設年度": "",
                "橋長": 3.0,
                "幅員": 12.0,
                "点検年度": 2024,
                "判定区分": "2",
                "措置状況": "8",
                "更新日時": "2025-11-01T00:00:00+09:00"
            }
        },
        {
            "type": "Feature",
            "geometry": {
                "type": "Point",
                "coordinates": [
                    139.83845,
                    35.81294
                ]
            },
            "properties": {
                "施設ID": "35.81294,139.83845",
                "橋梁名": "市道5162号線橋",
                "路線名": "市道5162号線",
                "管理者": "八潮市",
                "管理事務所": "八潮市",
                "緯度": 35.81294,
                "経度": 139.83845,
                "架設年度": "",
                "橋長": 4.0,
                "幅員": 6.0,
                "点検年度": 2024,
                "判定区分": "2",
                "措置状況": "8",
                "更新日時": "2025-11-01T00:00:00+09:00"
            }
        },
        {
            "type": "Feature",
            "geometry": {
                "type": "Point",
                "coordinates": [
                    139.83643,
                    35.81307
                ]
            },
            "properties": {
                "施設ID": "35.81307,139.83643",
                "橋梁名": "市道5180号線橋",
                "路線名": "市道5180号線",
                "管理者": "八潮市",
                "管理事務所": "八潮市",
                "緯度": 35.81307,
                "経度": 139.83643,
                "架設年度": "",
                "橋長": 3.0,
                "幅員": 6.0,
                "点検年度": 2024,
                "判定区分": "2",
                "措置状況": "8",
                "更新日時": "2025-11-01T00:00:00+09:00"
            }
        },
        {
            "type": "Feature",
            "geometry": {
                "type": "Point",
                "coordinates": [
                    139.83818,
                    35.81336
                ]
            },
            "properties": {
                "施設ID": "35.81336,139.83818",
                "橋梁名": "市道5161号線橋",
                "路線名": "市道5161号線",
                "管理者": "八潮市",
                "管理事務所": "八潮市",
                "緯度": 35.81336,
                "経度": 139.83818,
                "架設年度": "",
                "橋長": 4.0,
                "幅員": 6.0,
                "点検年度": 2024,
                "判定区分": "2",
                "措置状況": "8",
                "更新日時": "2025-11-01T00:00:00+09:00"
            }
        },
        {
            "type": "Feature",
            "geometry": {
                "type": "Point",
                "coordinates": [
                    139.82918,
                    35.81338
                ]
            },
            "properties": {
                "施設ID": "35.81338,139.82918",
                "橋梁名": "市道5314号線橋",
                "路線名": "市道5314号線",
                "管理者": "八潮市",
                "管理事務所": "八潮市",
                "緯度": 35.81338,
                "経度": 139.82918,
                "架設年度": "",
                "橋長": 3.0,
                "幅員": 6.0,
                "点検年度": 2025,
                "判定区分": "2",
                "措置状況": "8",
                "更新日時": "2026-03-19T16:51:39+09:00"
            }
        },
        {
            "type": "Feature",
            "geometry": {
                "type": "Point",
                "coordinates": [
                    139.8379,
                    35.81376
                ]
            },
            "properties": {
                "施設ID": "35.81376,139.83790",
                "橋梁名": "市道5160号線橋",
                "路線名": "市道5160号線",
                "管理者": "八潮市",
                "管理事務所": "八潮市",
                "緯度": 35.81376,
                "経度": 139.8379,
                "架設年度": "",
                "橋長": 4.0,
                "幅員": 6.0,
                "点検年度": 2024,
                "判定区分": "2",
                "措置状況": "8",
                "更新日時": "2025-11-01T00:00:00+09:00"
            }
        },
        {
            "type": "Feature",
            "geometry": {
                "type": "Point",
                "coordinates": [
                    139.82923,
                    35.81401
                ]
            },
            "properties": {
                "施設ID": "35.81401,139.82923",
                "橋梁名": "市道5313号線橋",
                "路線名": "市道5313号線",
                "管理者": "八潮市",
                "管理事務所": "八潮市",
                "緯度": 35.81401,
                "経度": 139.82923,
                "架設年度": "",
                "橋長": 3.0,
                "幅員": 6.0,
                "点検年度": 2025,
                "判定区分": "2",
                "措置状況": "8",
                "更新日時": "2026-03-31T16:16:49+09:00"
            }
        },
        {
            "type": "Feature",
            "geometry": {
                "type": "Point",
                "coordinates": [
                    139.83734,
                    35.81465
                ]
            },
            "properties": {
                "施設ID": "35.81465,139.83734",
                "橋梁名": "市道5159号線橋",
                "路線名": "市道5159号線",
                "管理者": "八潮市",
                "管理事務所": "八潮市",
                "緯度": 35.81465,
                "経度": 139.83734,
                "架設年度": "",
                "橋長": 4.0,
                "幅員": 4.0,
                "点検年度": 2024,
                "判定区分": "2",
                "措置状況": "8",
                "更新日時": "2025-11-01T00:00:00+09:00"
            }
        },
        {
            "type": "Feature",
            "geometry": {
                "type": "Point",
                "coordinates": [
                    139.82908,
                    35.81486
                ]
            },
            "properties": {
                "施設ID": "35.81486,139.82908",
                "橋梁名": "市道5309号線橋",
                "路線名": "市道5309号線",
                "管理者": "八潮市",
                "管理事務所": "八潮市",
                "緯度": 35.81486,
                "経度": 139.82908,
                "架設年度": "",
                "橋長": 3.0,
                "幅員": 6.0,
                "点検年度": 2025,
                "判定区分": "2",
                "措置状況": "8",
                "更新日時": "2026-03-19T16:50:25+09:00"
            }
        },
        {
            "type": "Feature",
            "geometry": {
                "type": "Point",
                "coordinates": [
                    139.82891,
                    35.81542
                ]
            },
            "properties": {
                "施設ID": "35.81542,139.82891",
                "橋梁名": "市道5306号線橋",
                "路線名": "市道5306号線",
                "管理者": "八潮市",
                "管理事務所": "八潮市",
                "緯度": 35.81542,
                "経度": 139.82891,
                "架設年度": "",
                "橋長": 3.0,
                "幅員": 8.0,
                "点検年度": 2025,
                "判定区分": "2",
                "措置状況": "8",
                "更新日時": "2026-03-19T16:50:01+09:00"
            }
        },
        {
            "type": "Feature",
            "geometry": {
                "type": "Point",
                "coordinates": [
                    139.83,
                    35.81556
                ]
            },
            "properties": {
                "施設ID": "35.81556,139.83000",
                "橋梁名": "中馬場橋",
                "路線名": "市道5306号線",
                "管理者": "八潮市",
                "管理事務所": "八潮市",
                "緯度": 35.81556,
                "経度": 139.83,
                "架設年度": "1981",
                "橋長": 13.7,
                "幅員": 9.2,
                "点検年度": 2021,
                "判定区分": "1",
                "措置状況": "0",
                "更新日時": "2025-11-01T00:00:00+09:00"
            }
        },
        {
            "type": "Feature",
            "geometry": {
                "type": "Point",
                "coordinates": [
                    139.82881,
                    35.81576
                ]
            },
            "properties": {
                "施設ID": "35.81576,139.82881",
                "橋梁名": "市道5305号線橋",
                "路線名": "市道5305号線",
                "管理者": "八潮市",
                "管理事務所": "八潮市",
                "緯度": 35.81576,
                "経度": 139.82881,
                "架設年度": "",
                "橋長": 3.1,
                "幅員": 6.0,
                "点検年度": 2025,
                "判定区分": "2",
                "措置状況": "8",
                "更新日時": "2026-03-19T16:49:34+09:00"
            }
        },
        {
            "type": "Feature",
            "geometry": {
                "type": "Point",
                "coordinates": [
                    139.82306,
                    35.81583
                ]
            },
            "properties": {
                "施設ID": "35.81583,139.82306",
                "橋梁名": "西袋橋",
                "路線名": "市道4023号線",
                "管理者": "八潮市",
                "管理事務所": "八潮市",
                "緯度": 35.81583,
                "経度": 139.82306,
                "架設年度": "1985",
                "橋長": 41.0,
                "幅員": 3.0,
                "点検年度": 2022,
                "判定区分": "1",
                "措置状況": "0",
                "更新日時": "2025-11-01T00:00:00+09:00"
            }
        },
        {
            "type": "Feature",
            "geometry": {
                "type": "Point",
                "coordinates": [
                    139.83678,
                    35.81585
                ]
            },
            "properties": {
                "施設ID": "35.81585,139.83678",
                "橋梁名": "市道5151号線橋",
                "路線名": "市道5151号線",
                "管理者": "八潮市",
                "管理事務所": "八潮市",
                "緯度": 35.81585,
                "経度": 139.83678,
                "架設年度": "",
                "橋長": 4.0,
                "幅員": 6.0,
                "点検年度": 2024,
                "判定区分": "2",
                "措置状況": "8",
                "更新日時": "2025-11-01T00:00:00+09:00"
            }
        },
        {
            "type": "Feature",
            "geometry": {
                "type": "Point",
                "coordinates": [
                    139.8286,
                    35.81641
                ]
            },
            "properties": {
                "施設ID": "35.81641,139.82860",
                "橋梁名": "市道5302号線橋",
                "路線名": "市道5302号線",
                "管理者": "八潮市",
                "管理事務所": "八潮市",
                "緯度": 35.81641,
                "経度": 139.8286,
                "架設年度": "",
                "橋長": 3.5,
                "幅員": 6.0,
                "点検年度": 2025,
                "判定区分": "2",
                "措置状況": "8",
                "更新日時": "2026-03-19T16:48:39+09:00"
            }
        },
        {
            "type": "Feature",
            "geometry": {
                "type": "Point",
                "coordinates": [
                    139.82785,
                    35.81663
                ]
            },
            "properties": {
                "施設ID": "35.81663,139.82785",
                "橋梁名": "市道5301号線橋",
                "路線名": "市道5301号線",
                "管理者": "八潮市",
                "管理事務所": "八潮市",
                "緯度": 35.81663,
                "経度": 139.82785,
                "架設年度": "",
                "橋長": 3.7,
                "幅員": 6.0,
                "点検年度": 2025,
                "判定区分": "2",
                "措置状況": "8",
                "更新日時": "2026-03-19T16:47:52+09:00"
            }
        },
        {
            "type": "Feature",
            "geometry": {
                "type": "Point",
                "coordinates": [
                    139.83653,
                    35.81684
                ]
            },
            "properties": {
                "施設ID": "35.81684,139.83653",
                "橋梁名": "市道5143号線橋",
                "路線名": "市道5143号線",
                "管理者": "八潮市",
                "管理事務所": "八潮市",
                "緯度": 35.81684,
                "経度": 139.83653,
                "架設年度": "",
                "橋長": 4.0,
                "幅員": 6.0,
                "点検年度": 2024,
                "判定区分": "2",
                "措置状況": "8",
                "更新日時": "2025-11-01T00:00:00+09:00"
            }
        },
        {
            "type": "Feature",
            "geometry": {
                "type": "Point",
                "coordinates": [
                    139.82978,
                    35.81741
                ]
            },
            "properties": {
                "施設ID": "35.81741,139.82978",
                "橋梁名": "八幡第二側道橋",
                "路線名": "市道0410号線",
                "管理者": "八潮市",
                "管理事務所": "八潮市",
                "緯度": 35.81741,
                "経度": 139.82978,
                "架設年度": "",
                "橋長": 15.3,
                "幅員": 1.8,
                "点検年度": 2021,
                "判定区分": "2",
                "措置状況": "8",
                "更新日時": "2025-11-01T00:00:00+09:00"
            }
        },
        {
            "type": "Feature",
            "geometry": {
                "type": "Point",
                "coordinates": [
                    139.82977,
                    35.81748
                ]
            },
            "properties": {
                "施設ID": "35.81748,139.82977",
                "橋梁名": "八幡橋",
                "路線名": "市道0410号線",
                "管理者": "八潮市",
                "管理事務所": "八潮市",
                "緯度": 35.81748,
                "経度": 139.82977,
                "架設年度": "",
                "橋長": 14.4,
                "幅員": 7.9,
                "点検年度": 2021,
                "判定区分": "1",
                "措置状況": "0",
                "更新日時": "2025-11-01T00:00:00+09:00"
            }
        },
        {
            "type": "Feature",
            "geometry": {
                "type": "Point",
                "coordinates": [
                    139.82976,
                    35.81755
                ]
            },
            "properties": {
                "施設ID": "35.81755,139.82976",
                "橋梁名": "八幡橋側道橋",
                "路線名": "市道0410号線",
                "管理者": "八潮市",
                "管理事務所": "八潮市",
                "緯度": 35.81755,
                "経度": 139.82976,
                "架設年度": "1984",
                "橋長": 14.2,
                "幅員": 3.3,
                "点検年度": 2021,
                "判定区分": "2",
                "措置状況": "8",
                "更新日時": "2025-11-01T00:00:00+09:00"
            }
        },
        {
            "type": "Feature",
            "geometry": {
                "type": "Point",
                "coordinates": [
                    139.82444,
                    35.81811
                ]
            },
            "properties": {
                "施設ID": "35.81811,139.82444",
                "橋梁名": "市道3109号線橋",
                "路線名": "市道3109号線",
                "管理者": "八潮市",
                "管理事務所": "八潮市",
                "緯度": 35.81811,
                "経度": 139.82444,
                "架設年度": "",
                "橋長": 3.9,
                "幅員": 4.5,
                "点検年度": 2025,
                "判定区分": "2",
                "措置状況": "8",
                "更新日時": "2026-03-19T16:40:56+09:00"
            }
        },
        {
            "type": "Feature",
            "geometry": {
                "type": "Point",
                "coordinates": [
                    139.83593,
                    35.81839
                ]
            },
            "properties": {
                "施設ID": "35.81839,139.83593",
                "橋梁名": "市道5046号線橋",
                "路線名": "市道5046号線",
                "管理者": "八潮市",
                "管理事務所": "八潮市",
                "緯度": 35.81839,
                "経度": 139.83593,
                "架設年度": "",
                "橋長": 3.7,
                "幅員": 5.9,
                "点検年度": 2025,
                "判定区分": "2",
                "措置状況": "8",
                "更新日時": "2026-03-19T17:07:10+09:00"
            }
        },
        {
            "type": "Feature",
            "geometry": {
                "type": "Point",
                "coordinates": [
                    139.83573,
                    35.81875
                ]
            },
            "properties": {
                "施設ID": "35.81875,139.83573",
                "橋梁名": "市道5045号線橋",
                "路線名": "市道5045号線",
                "管理者": "八潮市",
                "管理事務所": "八潮市",
                "緯度": 35.81875,
                "経度": 139.83573,
                "架設年度": "",
                "橋長": 4.3,
                "幅員": 6.0,
                "点検年度": 2025,
                "判定区分": "2",
                "措置状況": "8",
                "更新日時": "2026-03-19T17:06:41+09:00"
            }
        },
        {
            "type": "Feature",
            "geometry": {
                "type": "Point",
                "coordinates": [
                    139.83551,
                    35.81914
                ]
            },
            "properties": {
                "施設ID": "35.81914,139.83551",
                "橋梁名": "市道5043号線橋",
                "路線名": "市道5043号線",
                "管理者": "八潮市",
                "管理事務所": "八潮市",
                "緯度": 35.81914,
                "経度": 139.83551,
                "架設年度": "",
                "橋長": 3.7,
                "幅員": 6.0,
                "点検年度": 2025,
                "判定区分": "2",
                "措置状況": "8",
                "更新日時": "2026-03-19T17:06:17+09:00"
            }
        },
        {
            "type": "Feature",
            "geometry": {
                "type": "Point",
                "coordinates": [
                    139.82944,
                    35.81917
                ]
            },
            "properties": {
                "施設ID": "35.81917,139.82944",
                "橋梁名": "観音寺橋",
                "路線名": "市道5008号線",
                "管理者": "八潮市",
                "管理事務所": "八潮市",
                "緯度": 35.81917,
                "経度": 139.82944,
                "架設年度": "1980",
                "橋長": 13.8,
                "幅員": 7.2,
                "点検年度": 2021,
                "判定区分": "1",
                "措置状況": "0",
                "更新日時": "2025-11-01T00:00:00+09:00"
            }
        },
        {
            "type": "Feature",
            "geometry": {
                "type": "Point",
                "coordinates": [
                    139.83521,
                    35.81971
                ]
            },
            "properties": {
                "施設ID": "35.81971,139.83521",
                "橋梁名": "市道5042号線橋",
                "路線名": "市道5042号線",
                "管理者": "八潮市",
                "管理事務所": "八潮市",
                "緯度": 35.81971,
                "経度": 139.83521,
                "架設年度": "",
                "橋長": 3.6,
                "幅員": 6.0,
                "点検年度": 2025,
                "判定区分": "2",
                "措置状況": "8",
                "更新日時": "2026-03-19T17:05:35+09:00"
            }
        },
        {
            "type": "Feature",
            "geometry": {
                "type": "Point",
                "coordinates": [
                    139.82949,
                    35.82022
                ]
            },
            "properties": {
                "施設ID": "35.82022,139.82940",
                "橋梁名": "馬場新橋",
                "路線名": "県道松戸草加線",
                "管理者": "埼玉県",
                "管理事務所": "越谷県土整備事務所",
                "緯度": 35.82022,
                "経度": 139.82949,
                "架設年度": "1978",
                "橋長": 13.9,
                "幅員": 22.1,
                "点検年度": 2025,
                "判定区分": "3",
                "措置状況": "1",
                "更新日時": "2026-03-25T19:45:08+09:00"
            }
        },
        {
            "type": "Feature",
            "geometry": {
                "type": "Point",
                "coordinates": [
                    139.835,
                    35.82037
                ]
            },
            "properties": {
                "施設ID": "35.82037,139.83500",
                "橋梁名": "市道5039号線橋",
                "路線名": "市道5039号線",
                "管理者": "八潮市",
                "管理事務所": "八潮市",
                "緯度": 35.82037,
                "経度": 139.835,
                "架設年度": "",
                "橋長": 3.6,
                "幅員": 6.0,
                "点検年度": 2025,
                "判定区分": "2",
                "措置状況": "8",
                "更新日時": "2026-03-19T17:05:05+09:00"
            }
        },
        {
            "type": "Feature",
            "geometry": {
                "type": "Point",
                "coordinates": [
                    139.82083,
                    35.82139
                ]
            },
            "properties": {
                "施設ID": "35.82139,139.82083",
                "橋梁名": "宮代橋",
                "路線名": "市道3060号線",
                "管理者": "八潮市",
                "管理事務所": "八潮市",
                "緯度": 35.82139,
                "経度": 139.82083,
                "架設年度": "1978",
                "橋長": 49.0,
                "幅員": 2.0,
                "点検年度": 2022,
                "判定区分": "1",
                "措置状況": "0",
                "更新日時": "2025-11-01T00:00:00+09:00"
            }
        },
        {
            "type": "Feature",
            "geometry": {
                "type": "Point",
                "coordinates": [
                    139.82814,
                    35.82139
                ]
            },
            "properties": {
                "施設ID": "35.82139,139.82814",
                "橋梁名": "市道2178号線橋",
                "路線名": "市道2178号線",
                "管理者": "八潮市",
                "管理事務所": "八潮市",
                "緯度": 35.82139,
                "経度": 139.82814,
                "架設年度": "",
                "橋長": 2.0,
                "幅員": 4.0,
                "点検年度": 2025,
                "判定区分": "1",
                "措置状況": "0",
                "更新日時": "2026-03-19T16:35:37+09:00"
            }
        },
        {
            "type": "Feature",
            "geometry": {
                "type": "Point",
                "coordinates": [
                    139.83483,
                    35.82144
                ]
            },
            "properties": {
                "施設ID": "35.82144,139.83483",
                "橋梁名": "市道2023号線橋",
                "路線名": "市道2023号線",
                "管理者": "八潮市",
                "管理事務所": "八潮市",
                "緯度": 35.82144,
                "経度": 139.83483,
                "架設年度": "",
                "橋長": 3.6,
                "幅員": 6.0,
                "点検年度": 2025,
                "判定区分": "2",
                "措置状況": "8",
                "更新日時": "2026-03-19T16:36:22+09:00"
            }
        },
        {
            "type": "Feature",
            "geometry": {
                "type": "Point",
                "coordinates": [
                    139.85584,
                    35.82145
                ]
            },
            "properties": {
                "施設ID": "35.82145,139.85584",
                "橋梁名": "市道6017号線橋",
                "路線名": "市道6017号線",
                "管理者": "八潮市",
                "管理事務所": "八潮市",
                "緯度": 35.82145,
                "経度": 139.85584,
                "架設年度": "",
                "橋長": 2.0,
                "幅員": 6.0,
                "点検年度": 2024,
                "判定区分": "1",
                "措置状況": "0",
                "更新日時": "2025-11-01T00:00:00+09:00"
            }
        },
        {
            "type": "Feature",
            "geometry": {
                "type": "Point",
                "coordinates": [
                    139.82867,
                    35.82162
                ]
            },
            "properties": {
                "施設ID": "35.82162,139.82867",
                "橋梁名": "市道2175号線橋",
                "路線名": "市道2175号線",
                "管理者": "八潮市",
                "管理事務所": "八潮市",
                "緯度": 35.82162,
                "経度": 139.82867,
                "架設年度": "",
                "橋長": 2.0,
                "幅員": 6.0,
                "点検年度": 2025,
                "判定区分": "1",
                "措置状況": "0",
                "更新日時": "2026-03-19T16:35:14+09:00"
            }
        },
        {
            "type": "Feature",
            "geometry": {
                "type": "Point",
                "coordinates": [
                    139.82917,
                    35.82167
                ]
            },
            "properties": {
                "施設ID": "35.82167,139.82917",
                "橋梁名": "上小橋",
                "路線名": "市道2000号線",
                "管理者": "八潮市",
                "管理事務所": "八潮市",
                "緯度": 35.82167,
                "経度": 139.82917,
                "架設年度": "1964",
                "橋長": 13.0,
                "幅員": 6.2,
                "点検年度": 2022,
                "判定区分": "1",
                "措置状況": "0",
                "更新日時": "2025-11-01T00:00:00+09:00"
            }
        },
        {
            "type": "Feature",
            "geometry": {
                "type": "Point",
                "coordinates": [
                    139.83474,
                    35.82185
                ]
            },
            "properties": {
                "施設ID": "35.82185,139.83474",
                "橋梁名": "市道2022号線橋",
                "路線名": "市道2022号線",
                "管理者": "八潮市",
                "管理事務所": "八潮市",
                "緯度": 35.82185,
                "経度": 139.83474,
                "架設年度": "",
                "橋長": 3.6,
                "幅員": 6.0,
                "点検年度": 2025,
                "判定区分": "2",
                "措置状況": "8",
                "更新日時": "2026-03-19T16:39:34+09:00"
            }
        },
        {
            "type": "Feature",
            "geometry": {
                "type": "Point",
                "coordinates": [
                    139.84048,
                    35.82188
                ]
            },
            "properties": {
                "施設ID": "35.82188,139.84048",
                "橋梁名": "市道2034号線橋",
                "路線名": "市道2034号線",
                "管理者": "八潮市",
                "管理事務所": "",
                "緯度": 35.82188,
                "経度": 139.84048,
                "架設年度": "",
                "橋長": 2.1,
                "幅員": 8.0,
                "点検年度": 0,
                "判定区分": "8",
                "措置状況": "9",
                "更新日時": "2026-05-22T13:55:48+09:00"
            }
        },
        {
            "type": "Feature",
            "geometry": {
                "type": "Point",
                "coordinates": [
                    139.83458,
                    35.82232
                ]
            },
            "properties": {
                "施設ID": "35.82232,139.83458",
                "橋梁名": "市道2021-1号線橋",
                "路線名": "市道2021号線",
                "管理者": "八潮市",
                "管理事務所": "八潮市",
                "緯度": 35.82232,
                "経度": 139.83458,
                "架設年度": "",
                "橋長": 4.0,
                "幅員": 6.0,
                "点検年度": 2025,
                "判定区分": "2",
                "措置状況": "8",
                "更新日時": "2026-03-19T16:39:05+09:00"
            }
        },
        {
            "type": "Feature",
            "geometry": {
                "type": "Point",
                "coordinates": [
                    139.83433,
                    35.82285
                ]
            },
            "properties": {
                "施設ID": "35.82284,139.83430",
                "橋梁名": "西岩橋",
                "路線名": "県道平方東京線",
                "管理者": "埼玉県",
                "管理事務所": "越谷県土整備事務所",
                "緯度": 35.82285,
                "経度": 139.83433,
                "架設年度": "1968",
                "橋長": 4.7,
                "幅員": 10.2,
                "点検年度": 2025,
                "判定区分": "1",
                "措置状況": "0",
                "更新日時": "2026-02-12T16:13:10+09:00"
            }
        },
        {
            "type": "Feature",
            "geometry": {
                "type": "Point",
                "coordinates": [
                    139.85097,
                    35.82306
                ]
            },
            "properties": {
                "施設ID": "35.82306,139.85097",
                "橋梁名": "共和橋（上り）",
                "路線名": "県道八潮三郷線",
                "管理者": "埼玉県",
                "管理事務所": "越谷県土整備事務所",
                "緯度": 35.82306,
                "経度": 139.85097,
                "架設年度": "1980",
                "橋長": 515.9,
                "幅員": 6.4,
                "点検年度": 2022,
                "判定区分": "2",
                "措置状況": "8",
                "更新日時": "2025-11-01T00:00:00+09:00"
            }
        },
        {
            "type": "Feature",
            "geometry": {
                "type": "Point",
                "coordinates": [
                    139.85063,
                    35.82315
                ]
            },
            "properties": {
                "施設ID": "35.82315,139.85063",
                "橋梁名": "共和橋（下り）",
                "路線名": "県道八潮三郷線",
                "管理者": "埼玉県",
                "管理事務所": "越谷県土整備事務所",
                "緯度": 35.82315,
                "経度": 139.85063,
                "架設年度": "1980",
                "橋長": 478.3,
                "幅員": 6.4,
                "点検年度": 2022,
                "判定区分": "2",
                "措置状況": "8",
                "更新日時": "2025-11-01T00:00:00+09:00"
            }
        },
        {
            "type": "Feature",
            "geometry": {
                "type": "Point",
                "coordinates": [
                    139.83937,
                    35.82321
                ]
            },
            "properties": {
                "施設ID": "35.82321,139.83937",
                "橋梁名": "市道2021-2号線橋",
                "路線名": "市道2021号線",
                "管理者": "八潮市",
                "管理事務所": "",
                "緯度": 35.82321,
                "経度": 139.83937,
                "架設年度": "",
                "橋長": 2.1,
                "幅員": 12.5,
                "点検年度": 0,
                "判定区分": "8",
                "措置状況": "9",
                "更新日時": "2026-05-22T13:56:18+09:00"
            }
        },
        {
            "type": "Feature",
            "geometry": {
                "type": "Point",
                "coordinates": [
                    139.82889,
                    35.82333
                ]
            },
            "properties": {
                "施設ID": "35.82333,139.82889",
                "橋梁名": "小作田橋",
                "路線名": "市道2226号線",
                "管理者": "八潮市",
                "管理事務所": "八潮市",
                "緯度": 35.82333,
                "経度": 139.82889,
                "架設年度": "1982",
                "橋長": 14.0,
                "幅員": 10.0,
                "点検年度": 2022,
                "判定区分": "2",
                "措置状況": "8",
                "更新日時": "2025-11-01T00:00:00+09:00"
            }
        },
        {
            "type": "Feature",
            "geometry": {
                "type": "Point",
                "coordinates": [
                    139.83799,
                    35.82446
                ]
            },
            "properties": {
                "施設ID": "35.82446,139.83798",
                "橋梁名": "鶴ケ曽根橋",
                "路線名": "県道平方東京線",
                "管理者": "埼玉県",
                "管理事務所": "越谷県土整備事務所",
                "緯度": 35.82446,
                "経度": 139.83799,
                "架設年度": "1965",
                "橋長": 3.5,
                "幅員": 6.8,
                "点検年度": 2025,
                "判定区分": "1",
                "措置状況": "0",
                "更新日時": "2026-02-12T16:15:29+09:00"
            }
        },
        {
            "type": "Feature",
            "geometry": {
                "type": "Point",
                "coordinates": [
                    139.84579,
                    35.82494
                ]
            },
            "properties": {
                "施設ID": "35.82494,139.84579",
                "橋梁名": "市道0566号線橋",
                "路線名": "市道0566号線",
                "管理者": "八潮市",
                "管理事務所": "八潮市",
                "緯度": 35.82494,
                "経度": 139.84579,
                "架設年度": "",
                "橋長": 3.0,
                "幅員": 12.1,
                "点検年度": 2024,
                "判定区分": "1",
                "措置状況": "0",
                "更新日時": "2025-11-01T00:00:00+09:00"
            }
        },
        {
            "type": "Feature",
            "geometry": {
                "type": "Point",
                "coordinates": [
                    139.82528,
                    35.825
                ]
            },
            "properties": {
                "施設ID": "35.82500,139.82528",
                "橋梁名": "市道2127号線橋",
                "路線名": "市道2127号線",
                "管理者": "八潮市",
                "管理事務所": "八潮市",
                "緯度": 35.825,
                "経度": 139.82528,
                "架設年度": "",
                "橋長": 2.0,
                "幅員": 11.0,
                "点検年度": 2025,
                "判定区分": "1",
                "措置状況": "0",
                "更新日時": "2026-03-19T16:34:45+09:00"
            }
        },
        {
            "type": "Feature",
            "geometry": {
                "type": "Point",
                "coordinates": [
                    139.83731,
                    35.82509
                ]
            },
            "properties": {
                "施設ID": "35.82509,139.83731",
                "橋梁名": "市道2279号線橋",
                "路線名": "市道2279号線",
                "管理者": "八潮市",
                "管理事務所": "八潮市",
                "緯度": 35.82509,
                "経度": 139.83731,
                "架設年度": "",
                "橋長": 2.4,
                "幅員": 6.0,
                "点検年度": 2025,
                "判定区分": "1",
                "措置状況": "0",
                "更新日時": "2026-03-19T16:38:02+09:00"
            }
        },
        {
            "type": "Feature",
            "geometry": {
                "type": "Point",
                "coordinates": [
                    139.82889,
                    35.82528
                ]
            },
            "properties": {
                "施設ID": "35.82528,139.82889",
                "橋梁名": "小松橋",
                "路線名": "市道0140号線",
                "管理者": "八潮市",
                "管理事務所": "八潮市",
                "緯度": 35.82528,
                "経度": 139.82889,
                "架設年度": "1988",
                "橋長": 14.0,
                "幅員": 12.8,
                "点検年度": 2022,
                "判定区分": "1",
                "措置状況": "0",
                "更新日時": "2025-11-01T00:00:00+09:00"
            }
        },
        {
            "type": "Feature",
            "geometry": {
                "type": "Point",
                "coordinates": [
                    139.8331,
                    35.82601
                ]
            },
            "properties": {
                "施設ID": "35.82601,139.83310",
                "橋梁名": "市道0140-1号線橋",
                "路線名": "市道0140号線",
                "管理者": "八潮市",
                "管理事務所": "八潮市",
                "緯度": 35.82601,
                "経度": 139.8331,
                "架設年度": "",
                "橋長": 4.1,
                "幅員": 22.6,
                "点検年度": 2025,
                "判定区分": "2",
                "措置状況": "8",
                "更新日時": "2026-03-19T16:21:29+09:00"
            }
        },
        {
            "type": "Feature",
            "geometry": {
                "type": "Point",
                "coordinates": [
                    139.83577,
                    35.82663
                ]
            },
            "properties": {
                "施設ID": "35.82663,139.83577",
                "橋梁名": "市道0140-2号線橋",
                "路線名": "市道0140号線",
                "管理者": "八潮市",
                "管理事務所": "八潮市",
                "緯度": 35.82663,
                "経度": 139.83577,
                "架設年度": "",
                "橋長": 4.9,
                "幅員": 12.0,
                "点検年度": 2025,
                "判定区分": "2",
                "措置状況": "8",
                "更新日時": "2026-03-19T16:21:58+09:00"
            }
        },
        {
            "type": "Feature",
            "geometry": {
                "type": "Point",
                "coordinates": [
                    139.82861,
                    35.82722
                ]
            },
            "properties": {
                "施設ID": "35.82722,139.82861",
                "橋梁名": "新川西歩道橋",
                "路線名": "市道2281号線",
                "管理者": "八潮市",
                "管理事務所": "八潮市",
                "緯度": 35.82722,
                "経度": 139.82861,
                "架設年度": "1980",
                "橋長": 14.0,
                "幅員": 4.8,
                "点検年度": 2022,
                "判定区分": "2",
                "措置状況": "8",
                "更新日時": "2025-11-01T00:00:00+09:00"
            }
        },
        {
            "type": "Feature",
            "geometry": {
                "type": "Point",
                "coordinates": [
                    139.81384,
                    35.82809
                ]
            },
            "properties": {
                "施設ID": "35.82809,139.81384",
                "橋梁名": "手代新橋",
                "路線名": "県道草加八潮三郷線",
                "管理者": "埼玉県",
                "管理事務所": "越谷県土整備事務所",
                "緯度": 35.82809,
                "経度": 139.81384,
                "架設年度": "1977",
                "橋長": 58.8,
                "幅員": 16.0,
                "点検年度": 2021,
                "判定区分": "2",
                "措置状況": "8",
                "更新日時": "2025-11-01T00:00:00+09:00"
            }
        },
        {
            "type": "Feature",
            "geometry": {
                "type": "Point",
                "coordinates": [
                    139.8156,
                    35.82868
                ]
            },
            "properties": {
                "施設ID": "35.82868,139.81560",
                "橋梁名": "市道3009号線橋",
                "路線名": "市道3009号線",
                "管理者": "八潮市",
                "管理事務所": "八潮市",
                "緯度": 35.82868,
                "経度": 139.8156,
                "架設年度": "",
                "橋長": 2.6,
                "幅員": 5.5,
                "点検年度": 2025,
                "判定区分": "2",
                "措置状況": "8",
                "更新日時": "2026-03-19T16:40:12+09:00"
            }
        },
        {
            "type": "Feature",
            "geometry": {
                "type": "Point",
                "coordinates": [
                    139.82806,
                    35.82972
                ]
            },
            "properties": {
                "施設ID": "35.82972,139.82806",
                "橋梁名": "伊草橋",
                "路線名": "市道0780号線",
                "管理者": "八潮市",
                "管理事務所": "八潮市",
                "緯度": 35.82972,
                "経度": 139.82806,
                "架設年度": "",
                "橋長": 14.0,
                "幅員": 6.9,
                "点検年度": 2022,
                "判定区分": "1",
                "措置状況": "0",
                "更新日時": "2025-11-01T00:00:00+09:00"
            }
        },
        {
            "type": "Feature",
            "geometry": {
                "type": "Point",
                "coordinates": [
                    139.8279,
                    35.8312
                ]
            },
            "properties": {
                "施設ID": "35.83120,139.82790",
                "橋梁名": "伊草天神橋",
                "路線名": "県道草加八潮三郷線",
                "管理者": "埼玉県",
                "管理事務所": "越谷県土整備事務所",
                "緯度": 35.8312,
                "経度": 139.8279,
                "架設年度": "1989",
                "橋長": 14.4,
                "幅員": 16.8,
                "点検年度": 2021,
                "判定区分": "2",
                "措置状況": "8",
                "更新日時": "2025-11-01T00:00:00+09:00"
            }
        },
        {
            "type": "Feature",
            "geometry": {
                "type": "Point",
                "coordinates": [
                    139.82785,
                    35.83196
                ]
            },
            "properties": {
                "施設ID": "35.83196,139.82785",
                "橋梁名": "伊草新橋",
                "路線名": "市道2302号線",
                "管理者": "八潮市",
                "管理事務所": "",
                "緯度": 35.83196,
                "経度": 139.82785,
                "架設年度": "",
                "橋長": 12.4,
                "幅員": 10.0,
                "点検年度": 2024,
                "判定区分": "1",
                "措置状況": "0",
                "更新日時": "2025-11-01T00:00:00+09:00"
            }
        },
        {
            "type": "Feature",
            "geometry": {
                "type": "Point",
                "coordinates": [
                    139.83169,
                    35.83222
                ]
            },
            "properties": {
                "施設ID": "35.83221,139.83172",
                "橋梁名": "八條小橋",
                "路線名": "県道草加八潮三郷線",
                "管理者": "埼玉県",
                "管理事務所": "越谷県土整備事務所",
                "緯度": 35.83222,
                "経度": 139.83169,
                "架設年度": "2016",
                "橋長": 4.5,
                "幅員": 26.8,
                "点検年度": 2025,
                "判定区分": "1",
                "措置状況": "0",
                "更新日時": "2026-02-12T15:56:25+09:00"
            }
        },
        {
            "type": "Feature",
            "geometry": {
                "type": "Point",
                "coordinates": [
                    139.83161,
                    35.83362
                ]
            },
            "properties": {
                "施設ID": "35.83362,139.83161",
                "橋梁名": "末廣橋",
                "路線名": "市道1353号線",
                "管理者": "八潮市",
                "管理事務所": "八潮市",
                "緯度": 35.83362,
                "経度": 139.83161,
                "架設年度": "1996",
                "橋長": 6.5,
                "幅員": 12.7,
                "点検年度": 2025,
                "判定区分": "1",
                "措置状況": "0",
                "更新日時": "2026-03-19T16:30:38+09:00"
            }
        },
        {
            "type": "Feature",
            "geometry": {
                "type": "Point",
                "coordinates": [
                    139.83217,
                    35.83582
                ]
            },
            "properties": {
                "施設ID": "35.83582,139.83217",
                "橋梁名": "布袋橋",
                "路線名": "市道1327号線",
                "管理者": "八潮市",
                "管理事務所": "八潮市",
                "緯度": 35.83582,
                "経度": 139.83217,
                "架設年度": "1995",
                "橋長": 6.8,
                "幅員": 12.8,
                "点検年度": 2025,
                "判定区分": "1",
                "措置状況": "0",
                "更新日時": "2026-03-19T16:31:01+09:00"
            }
        },
        {
            "type": "Feature",
            "geometry": {
                "type": "Point",
                "coordinates": [
                    139.83288,
                    35.83705
                ]
            },
            "properties": {
                "施設ID": "35.83705,139.83288",
                "橋梁名": "毘沙門橋",
                "路線名": "市道1358号線",
                "管理者": "八潮市",
                "管理事務所": "八潮市",
                "緯度": 35.83705,
                "経度": 139.83288,
                "架設年度": "1996",
                "橋長": 6.9,
                "幅員": 6.3,
                "点検年度": 2025,
                "判定区分": "1",
                "措置状況": "0",
                "更新日時": "2026-03-19T16:31:27+09:00"
            }
        },
        {
            "type": "Feature",
            "geometry": {
                "type": "Point",
                "coordinates": [
                    139.83332,
                    35.83791
                ]
            },
            "properties": {
                "施設ID": "35.83791,139.83332",
                "橋梁名": "弁財橋",
                "路線名": "市道1321号線",
                "管理者": "八潮市",
                "管理事務所": "八潮市",
                "緯度": 35.83791,
                "経度": 139.83332,
                "架設年度": "1995",
                "橋長": 6.9,
                "幅員": 11.8,
                "点検年度": 2025,
                "判定区分": "2",
                "措置状況": "8",
                "更新日時": "2026-03-19T16:31:51+09:00"
            }
        },
        {
            "type": "Feature",
            "geometry": {
                "type": "Point",
                "coordinates": [
                    139.83356,
                    35.83833
                ]
            },
            "properties": {
                "施設ID": "35.83833,139.83356",
                "橋梁名": "恵比寿橋",
                "路線名": "市道1319号線",
                "管理者": "八潮市",
                "管理事務所": "八潮市",
                "緯度": 35.83833,
                "経度": 139.83356,
                "架設年度": "1995",
                "橋長": 6.9,
                "幅員": 4.2,
                "点検年度": 2025,
                "判定区分": "2",
                "措置状況": "8",
                "更新日時": "2026-03-19T16:32:14+09:00"
            }
        },
        {
            "type": "Feature",
            "geometry": {
                "type": "Point",
                "coordinates": [
                    139.83384,
                    35.83883
                ]
            },
            "properties": {
                "施設ID": "35.83883,139.83384",
                "橋梁名": "福禄橋",
                "路線名": "市道1287号線",
                "管理者": "八潮市",
                "管理事務所": "八潮市",
                "緯度": 35.83883,
                "経度": 139.83384,
                "架設年度": "1995",
                "橋長": 6.9,
                "幅員": 10.2,
                "点検年度": 2025,
                "判定区分": "2",
                "措置状況": "8",
                "更新日時": "2026-03-19T16:32:40+09:00"
            }
        },
        {
            "type": "Feature",
            "geometry": {
                "type": "Point",
                "coordinates": [
                    139.83429,
                    35.83951
                ]
            },
            "properties": {
                "施設ID": "35.83951,139.83429",
                "橋梁名": "大黒橋",
                "路線名": "市道1290号線",
                "管理者": "八潮市",
                "管理事務所": "八潮市",
                "緯度": 35.83951,
                "経度": 139.83429,
                "架設年度": "1995",
                "橋長": 6.9,
                "幅員": 9.8,
                "点検年度": 2025,
                "判定区分": "1",
                "措置状況": "0",
                "更新日時": "2026-03-19T16:33:05+09:00"
            }
        },
        {
            "type": "Feature",
            "geometry": {
                "type": "Point",
                "coordinates": [
                    139.83468,
                    35.84025
                ]
            },
            "properties": {
                "施設ID": "35.84025,139.83468",
                "橋梁名": "寿老橋",
                "路線名": "市道1283号線",
                "管理者": "八潮市",
                "管理事務所": "八潮市",
                "緯度": 35.84025,
                "経度": 139.83468,
                "架設年度": "1995",
                "橋長": 6.9,
                "幅員": 8.2,
                "点検年度": 2025,
                "判定区分": "1",
                "措置状況": "0",
                "更新日時": "2026-03-19T16:34:00+09:00"
            }
        },
        {
            "type": "Feature",
            "geometry": {
                "type": "Point",
                "coordinates": [
                    139.8418,
                    35.84094
                ]
            },
            "properties": {
                "施設ID": "35.84082,139.84181",
                "橋梁名": "幸之宮橋",
                "路線名": "県道平方東京線",
                "管理者": "埼玉県",
                "管理事務所": "越谷県土整備事務所",
                "緯度": 35.84094,
                "経度": 139.8418,
                "架設年度": "1988",
                "橋長": 27.1,
                "幅員": 12.0,
                "点検年度": 2025,
                "判定区分": "1",
                "措置状況": "0",
                "更新日時": "2026-02-12T14:35:33+09:00"
            }
        },
        {
            "type": "Feature",
            "geometry": {
                "type": "Point",
                "coordinates": [
                    139.83621,
                    35.84095
                ]
            },
            "properties": {
                "施設ID": "35.84095,139.83621",
                "橋梁名": "市道0110号線橋",
                "路線名": "市道0110号線",
                "管理者": "八潮市",
                "管理事務所": "八潮市",
                "緯度": 35.84095,
                "経度": 139.83621,
                "架設年度": "",
                "橋長": 4.2,
                "幅員": 9.6,
                "点検年度": 2025,
                "判定区分": "1",
                "措置状況": "0",
                "更新日時": "2026-03-19T16:23:28+09:00"
            }
        },
        {
            "type": "Feature",
            "geometry": {
                "type": "Point",
                "coordinates": [
                    139.83972,
                    35.84111
                ]
            },
            "properties": {
                "施設ID": "35.84111,139.83972",
                "橋梁名": "幸和橋",
                "路線名": "市道1394号線",
                "管理者": "八潮市",
                "管理事務所": "八潮市",
                "緯度": 35.84111,
                "経度": 139.83972,
                "架設年度": "1993",
                "橋長": 24.8,
                "幅員": 5.2,
                "点検年度": 2021,
                "判定区分": "1",
                "措置状況": "0",
                "更新日時": "2025-11-01T00:00:00+09:00"
            }
        },
        {
            "type": "Feature",
            "geometry": {
                "type": "Point",
                "coordinates": [
                    139.83861,
                    35.84306
                ]
            },
            "properties": {
                "施設ID": "35.84306,139.83861",
                "橋梁名": "和平橋",
                "路線名": "市道0500号線",
                "管理者": "八潮市",
                "管理事務所": "八潮市",
                "緯度": 35.84306,
                "経度": 139.83861,
                "架設年度": "1989",
                "橋長": 25.7,
                "幅員": 7.2,
                "点検年度": 2021,
                "判定区分": "2",
                "措置状況": "8",
                "更新日時": "2025-11-01T00:00:00+09:00"
            }
        },
        {
            "type": "Feature",
            "geometry": {
                "type": "Point",
                "coordinates": [
                    139.84109,
                    35.84449
                ]
            },
            "properties": {
                "施設ID": "35.84449,139.84109",
                "橋梁名": "潮郷橋右岸斜路橋(上り)",
                "路線名": "国道298号",
                "管理者": "関東地方整備局",
                "管理事務所": "北首都国道事務所",
                "緯度": 35.84449,
                "経度": 139.84109,
                "架設年度": "1994",
                "橋長": 60.9,
                "幅員": 4.0,
                "点検年度": 2025,
                "判定区分": "2",
                "措置状況": "8",
                "更新日時": "2026-07-03T13:49:22+09:00"
            }
        },
        {
            "type": "Feature",
            "geometry": {
                "type": "Point",
                "coordinates": [
                    139.84177,
                    35.84451
                ]
            },
            "properties": {
                "施設ID": "35.84451,139.84177",
                "橋梁名": "潮郷橋(上り)",
                "路線名": "国道298号",
                "管理者": "関東地方整備局",
                "管理事務所": "北首都国道事務所",
                "緯度": 35.84451,
                "経度": 139.84177,
                "架設年度": "1994",
                "橋長": 238.9,
                "幅員": 13.5,
                "点検年度": 2025,
                "判定区分": "2",
                "措置状況": "8",
                "更新日時": "2026-07-02T15:54:10+09:00"
            }
        },
        {
            "type": "Feature",
            "geometry": {
                "type": "Point",
                "coordinates": [
                    139.84167,
                    35.84461
                ]
            },
            "properties": {
                "施設ID": "35.84461,139.84167",
                "橋梁名": "中川橋",
                "路線名": "常磐自動車道",
                "管理者": "NEXCO東日本",
                "管理事務所": "三郷管理事務所",
                "緯度": 35.84461,
                "経度": 139.84167,
                "架設年度": "1991",
                "橋長": 239.0,
                "幅員": 10.0,
                "点検年度": 2023,
                "判定区分": "2",
                "措置状況": "8",
                "更新日時": "2026-05-21T18:37:17+09:00"
            }
        },
        {
            "type": "Feature",
            "geometry": {
                "type": "Point",
                "coordinates": [
                    139.84167,
                    35.84471
                ]
            },
            "properties": {
                "施設ID": "35.84471,139.84167",
                "橋梁名": "中川橋",
                "路線名": "常磐自動車道",
                "管理者": "NEXCO東日本",
                "管理事務所": "三郷管理事務所",
                "緯度": 35.84471,
                "経度": 139.84167,
                "架設年度": "1991",
                "橋長": 239.0,
                "幅員": 10.0,
                "点検年度": 2023,
                "判定区分": "2",
                "措置状況": "8",
                "更新日時": "2026-05-21T18:37:38+09:00"
            }
        },
        {
            "type": "Feature",
            "geometry": {
                "type": "Point",
                "coordinates": [
                    139.83778,
                    35.84472
                ]
            },
            "properties": {
                "施設ID": "35.84472,139.83778",
                "橋梁名": "和環橋",
                "路線名": "市道1260号線",
                "管理者": "八潮市",
                "管理事務所": "八潮市",
                "緯度": 35.84472,
                "経度": 139.83778,
                "架設年度": "1992",
                "橋長": 27.4,
                "幅員": 7.2,
                "点検年度": 2021,
                "判定区分": "1",
                "措置状況": "0",
                "更新日時": "2025-11-01T00:00:00+09:00"
            }
        },
        {
            "type": "Feature",
            "geometry": {
                "type": "Point",
                "coordinates": [
                    139.84167,
                    35.84482
                ]
            },
            "properties": {
                "施設ID": "35.84482,139.84167",
                "橋梁名": "潮郷橋(下り)",
                "路線名": "国道298号",
                "管理者": "関東地方整備局",
                "管理事務所": "北首都国道事務所",
                "緯度": 35.84482,
                "経度": 139.84167,
                "架設年度": "1984",
                "橋長": 239.0,
                "幅員": 13.7,
                "点検年度": 2021,
                "判定区分": "2",
                "措置状況": "8",
                "更新日時": "2025-11-01T00:00:01+09:00"
            }
        },
        {
            "type": "Feature",
            "geometry": {
                "type": "Point",
                "coordinates": [
                    139.83922,
                    35.84494
                ]
            },
            "properties": {
                "施設ID": "35.84494,139.83922",
                "橋梁名": "潮郷橋右岸取付橋(上り)",
                "路線名": "国道298号",
                "管理者": "関東地方整備局",
                "管理事務所": "北首都国道事務所",
                "緯度": 35.84494,
                "経度": 139.83922,
                "架設年度": "1994",
                "橋長": 244.9,
                "幅員": 9.0,
                "点検年度": 2025,
                "判定区分": "2",
                "措置状況": "8",
                "更新日時": "2026-07-02T15:54:11+09:00"
            }
        },
        {
            "type": "Feature",
            "geometry": {
                "type": "Point",
                "coordinates": [
                    139.84106,
                    35.84497
                ]
            },
            "properties": {
                "施設ID": "35.84497,139.84106",
                "橋梁名": "潮郷橋右岸斜路橋(下り)",
                "路線名": "国道298号",
                "管理者": "関東地方整備局",
                "管理事務所": "北首都国道事務所",
                "緯度": 35.84497,
                "経度": 139.84106,
                "架設年度": "1984",
                "橋長": 52.2,
                "幅員": 4.0,
                "点検年度": 2021,
                "判定区分": "2",
                "措置状況": "8",
                "更新日時": "2025-11-01T00:00:01+09:00"
            }
        },
        {
            "type": "Feature",
            "geometry": {
                "type": "Point",
                "coordinates": [
                    139.83926,
                    35.84517
                ]
            },
            "properties": {
                "施設ID": "35.84517,139.83926",
                "橋梁名": "潮郷橋右岸取付橋(下り)",
                "路線名": "国道298号",
                "管理者": "関東地方整備局",
                "管理事務所": "北首都国道事務所",
                "緯度": 35.84517,
                "経度": 139.83926,
                "架設年度": "1983",
                "橋長": 230.8,
                "幅員": 9.0,
                "点検年度": 2021,
                "判定区分": "2",
                "措置状況": "8",
                "更新日時": "2025-11-01T00:00:01+09:00"
            }
        },
        {
            "type": "Feature",
            "geometry": {
                "type": "Point",
                "coordinates": [
                    139.83139,
                    35.84528
                ]
            },
            "properties": {
                "施設ID": "35.84528,139.83139",
                "橋梁名": "境橋",
                "路線名": "市道0760号線",
                "管理者": "八潮市",
                "管理事務所": "八潮市",
                "緯度": 35.84528,
                "経度": 139.83139,
                "架設年度": "",
                "橋長": 10.2,
                "幅員": 7.1,
                "点検年度": 2021,
                "判定区分": "1",
                "措置状況": "0",
                "更新日時": "2025-11-01T00:00:00+09:00"
            }
        },
        {
            "type": "Feature",
            "geometry": {
                "type": "Point",
                "coordinates": [
                    139.83815,
                    35.84535
                ]
            },
            "properties": {
                "施設ID": "35.84535,139.83815",
                "橋梁名": "八潮東高架橋",
                "路線名": "常磐自動車道",
                "管理者": "NEXCO東日本",
                "管理事務所": "三郷管理事務所",
                "緯度": 35.84535,
                "経度": 139.83815,
                "架設年度": "1991",
                "橋長": 341.0,
                "幅員": 10.0,
                "点検年度": 2023,
                "判定区分": "2",
                "措置状況": "8",
                "更新日時": "2026-05-21T18:38:21+09:00"
            }
        },
        {
            "type": "Feature",
            "geometry": {
                "type": "Point",
                "coordinates": [
                    139.83828,
                    35.84539
                ]
            },
            "properties": {
                "施設ID": "35.84539,139.83828",
                "橋梁名": "溝橋(21.770kp)C",
                "路線名": "国道298号　現道",
                "管理者": "関東地方整備局",
                "管理事務所": "北首都国道事務所",
                "緯度": 35.84539,
                "経度": 139.83828,
                "架設年度": "1990",
                "橋長": 4.2,
                "幅員": 68.8,
                "点検年度": 2025,
                "判定区分": "1",
                "措置状況": "0",
                "更新日時": "2026-08-05T16:25:55+09:00"
            }
        },
        {
            "type": "Feature",
            "geometry": {
                "type": "Point",
                "coordinates": [
                    139.83821,
                    35.84546
                ]
            },
            "properties": {
                "施設ID": "35.84546,139.83821",
                "橋梁名": "八潮東高架橋",
                "路線名": "常磐自動車道",
                "管理者": "NEXCO東日本",
                "管理事務所": "三郷管理事務所",
                "緯度": 35.84546,
                "経度": 139.83821,
                "架設年度": "1991",
                "橋長": 341.0,
                "幅員": 10.0,
                "点検年度": 2023,
                "判定区分": "2",
                "措置状況": "8",
                "更新日時": "2026-05-21T18:38:39+09:00"
            }
        },
        {
            "type": "Feature",
            "geometry": {
                "type": "Point",
                "coordinates": [
                    139.83668,
                    35.84552
                ]
            },
            "properties": {
                "施設ID": "35.84552,139.83668",
                "橋梁名": "溝橋(21.640kp)U",
                "路線名": "国道298号　現道",
                "管理者": "関東地方整備局",
                "管理事務所": "北首都国道事務所",
                "緯度": 35.84552,
                "経度": 139.83668,
                "架設年度": "1990",
                "橋長": 2.4,
                "幅員": 4.0,
                "点検年度": 2025,
                "判定区分": "1",
                "措置状況": "0",
                "更新日時": "2026-08-05T16:26:17+09:00"
            }
        },
        {
            "type": "Feature",
            "geometry": {
                "type": "Point",
                "coordinates": [
                    139.83672,
                    35.84627
                ]
            },
            "properties": {
                "施設ID": "35.84573,139.83742",
                "橋梁名": "溝橋20",
                "路線名": "国道298号",
                "管理者": "関東地方整備局",
                "管理事務所": "北首都国道事務所",
                "緯度": 35.84627,
                "経度": 139.83672,
                "架設年度": "1996",
                "橋長": 13.0,
                "幅員": 60.0,
                "点検年度": 2023,
                "判定区分": "2",
                "措置状況": "3",
                "更新日時": "2026-03-11T14:11:08+09:00"
            }
        },
        {
            "type": "Feature",
            "geometry": {
                "type": "Point",
                "coordinates": [
                    139.83839,
                    35.84574
                ]
            },
            "properties": {
                "施設ID": "35.84574,139.83839",
                "橋梁名": "市道1264号線橋",
                "路線名": "市道1264号線",
                "管理者": "八潮市",
                "管理事務所": "八潮市",
                "緯度": 35.84574,
                "経度": 139.83839,
                "架設年度": "",
                "橋長": 7.8,
                "幅員": 7.9,
                "点検年度": 2025,
                "判定区分": "2",
                "措置状況": "8",
                "更新日時": "2026-03-19T16:28:57+09:00"
            }
        },
        {
            "type": "Feature",
            "geometry": {
                "type": "Point",
                "coordinates": [
                    139.83659,
                    35.84585
                ]
            },
            "properties": {
                "施設ID": "35.84600,139.83660",
                "橋梁名": "溝橋19",
                "路線名": "国道298号",
                "管理者": "関東地方整備局",
                "管理事務所": "北首都国道事務所",
                "緯度": 35.84585,
                "経度": 139.83659,
                "架設年度": "1996",
                "橋長": 13.2,
                "幅員": 114.0,
                "点検年度": 2023,
                "判定区分": "2",
                "措置状況": "3",
                "更新日時": "2026-03-11T14:11:08+09:00"
            }
        },
        {
            "type": "Feature",
            "geometry": {
                "type": "Point",
                "coordinates": [
                    139.83768,
                    35.84616
                ]
            },
            "properties": {
                "施設ID": "35.84616,139.83768",
                "橋梁名": "溝橋(21.680kp)D",
                "路線名": "国道298号　現道",
                "管理者": "関東地方整備局",
                "管理事務所": "北首都国道事務所",
                "緯度": 35.84616,
                "経度": 139.83768,
                "架設年度": "1984",
                "橋長": 4.2,
                "幅員": 10.5,
                "点検年度": 2025,
                "判定区分": "1",
                "措置状況": "0",
                "更新日時": "2026-08-05T16:26:36+09:00"
            }
        },
        {
            "type": "Feature",
            "geometry": {
                "type": "Point",
                "coordinates": [
                    139.83775,
                    35.84616
                ]
            },
            "properties": {
                "施設ID": "35.84616,139.83775",
                "橋梁名": "市道1255号線橋",
                "路線名": "市道1255号線",
                "管理者": "八潮市",
                "管理事務所": "八潮市",
                "緯度": 35.84616,
                "経度": 139.83775,
                "架設年度": "",
                "橋長": 2.8,
                "幅員": 6.2,
                "点検年度": 2025,
                "判定区分": "2",
                "措置状況": "8",
                "更新日時": "2026-03-19T16:28:32+09:00"
            }
        },
        {
            "type": "Feature",
            "geometry": {
                "type": "Point",
                "coordinates": [
                    139.83629,
                    35.84618
                ]
            },
            "properties": {
                "施設ID": "35.84618,139.83629",
                "橋梁名": "八潮第1交差橋(南)",
                "路線名": "国道298号",
                "管理者": "関東地方整備局",
                "管理事務所": "北首都国道事務所",
                "緯度": 35.84618,
                "経度": 139.83629,
                "架設年度": "1994",
                "橋長": 13.3,
                "幅員": 16.3,
                "点検年度": 2021,
                "判定区分": "1",
                "措置状況": "0",
                "更新日時": "2025-11-01T00:00:01+09:00"
            }
        },
        {
            "type": "Feature",
            "geometry": {
                "type": "Point",
                "coordinates": [
                    139.83672,
                    35.84627
                ]
            },
            "properties": {
                "施設ID": "35.84625,139.83682",
                "橋梁名": "溝橋18",
                "路線名": "国道298号",
                "管理者": "関東地方整備局",
                "管理事務所": "北首都国道事務所",
                "緯度": 35.84627,
                "経度": 139.83672,
                "架設年度": "1996",
                "橋長": 13.0,
                "幅員": 94.0,
                "点検年度": 2023,
                "判定区分": "1",
                "措置状況": "0",
                "更新日時": "2025-11-01T00:00:01+09:00"
            }
        },
        {
            "type": "Feature",
            "geometry": {
                "type": "Point",
                "coordinates": [
                    139.8375,
                    35.84628
                ]
            },
            "properties": {
                "施設ID": "35.84628,139.83750",
                "橋梁名": "溝橋(21.660kp)D",
                "路線名": "国道298号",
                "管理者": "関東地方整備局",
                "管理事務所": "北首都国道事務所",
                "緯度": 35.84628,
                "経度": 139.8375,
                "架設年度": "1984",
                "橋長": 4.0,
                "幅員": 4.6,
                "点検年度": 2025,
                "判定区分": "1",
                "措置状況": "0",
                "更新日時": "2026-08-05T16:27:02+09:00"
            }
        },
        {
            "type": "Feature",
            "geometry": {
                "type": "Point",
                "coordinates": [
                    139.83728,
                    35.84642
                ]
            },
            "properties": {
                "施設ID": "35.84642,139.83728",
                "橋梁名": "溝橋(21.630kp)D",
                "路線名": "国道298号",
                "管理者": "関東地方整備局",
                "管理事務所": "北首都国道事務所",
                "緯度": 35.84642,
                "経度": 139.83728,
                "架設年度": "1984",
                "橋長": 4.0,
                "幅員": 2.6,
                "点検年度": 2025,
                "判定区分": "1",
                "措置状況": "0",
                "更新日時": "2026-08-05T16:27:19+09:00"
            }
        },
        {
            "type": "Feature",
            "geometry": {
                "type": "Point",
                "coordinates": [
                    139.83519,
                    35.84677
                ]
            },
            "properties": {
                "施設ID": "35.84677,139.83519",
                "橋梁名": "八条第1交差橋(南)",
                "路線名": "国道298号",
                "管理者": "関東地方整備局",
                "管理事務所": "北首都国道事務所",
                "緯度": 35.84677,
                "経度": 139.83519,
                "架設年度": "1989",
                "橋長": 12.7,
                "幅員": 88.4,
                "点検年度": 2021,
                "判定区分": "1",
                "措置状況": "0",
                "更新日時": "2025-11-01T00:00:01+09:00"
            }
        },
        {
            "type": "Feature",
            "geometry": {
                "type": "Point",
                "coordinates": [
                    139.83635,
                    35.84697
                ]
            },
            "properties": {
                "施設ID": "35.84697,139.83635",
                "橋梁名": "溝橋(21.520kp)D",
                "路線名": "国道298号　現道",
                "管理者": "関東地方整備局",
                "管理事務所": "北首都国道事務所",
                "緯度": 35.84697,
                "経度": 139.83635,
                "架設年度": "1987",
                "橋長": 2.9,
                "幅員": 25.5,
                "点検年度": 2025,
                "判定区分": "1",
                "措置状況": "0",
                "更新日時": "2026-08-05T16:28:50+09:00"
            }
        },
        {
            "type": "Feature",
            "geometry": {
                "type": "Point",
                "coordinates": [
                    139.8354,
                    35.84702
                ]
            },
            "properties": {
                "施設ID": "35.84702,139.83540",
                "橋梁名": "八条第1交差橋(北)",
                "路線名": "国道298号",
                "管理者": "関東地方整備局",
                "管理事務所": "北首都国道事務所",
                "緯度": 35.84702,
                "経度": 139.8354,
                "架設年度": "1989",
                "橋長": 12.7,
                "幅員": 58.4,
                "点検年度": 2024,
                "判定区分": "1",
                "措置状況": "0",
                "更新日時": "2025-11-01T00:00:01+09:00"
            }
        },
        {
            "type": "Feature",
            "geometry": {
                "type": "Point",
                "coordinates": [
                    139.83471,
                    35.84714
                ]
            },
            "properties": {
                "施設ID": "35.84714,139.83471",
                "橋梁名": "八潮橋",
                "路線名": "常磐自動車道",
                "管理者": "NEXCO東日本",
                "管理事務所": "三郷管理事務所",
                "緯度": 35.84714,
                "経度": 139.83471,
                "架設年度": "1991",
                "橋長": 368.0,
                "幅員": 9.8,
                "点検年度": 2023,
                "判定区分": "2",
                "措置状況": "8",
                "更新日時": "2026-05-21T18:39:32+09:00"
            }
        },
        {
            "type": "Feature",
            "geometry": {
                "type": "Point",
                "coordinates": [
                    139.83596,
                    35.84717
                ]
            },
            "properties": {
                "施設ID": "35.84717,139.83596",
                "橋梁名": "溝橋(21.480kp)D",
                "路線名": "国道298号",
                "管理者": "関東地方整備局",
                "管理事務所": "北首都国道事務所",
                "緯度": 35.84717,
                "経度": 139.83596,
                "架設年度": "1987",
                "橋長": 2.9,
                "幅員": 29.0,
                "点検年度": 2025,
                "判定区分": "1",
                "措置状況": "0",
                "更新日時": "2026-08-05T16:29:09+09:00"
            }
        },
        {
            "type": "Feature",
            "geometry": {
                "type": "Point",
                "coordinates": [
                    139.83478,
                    35.84723
                ]
            },
            "properties": {
                "施設ID": "35.84723,139.83478",
                "橋梁名": "八潮橋",
                "路線名": "常磐自動車道",
                "管理者": "NEXCO東日本",
                "管理事務所": "三郷管理事務所",
                "緯度": 35.84723,
                "経度": 139.83478,
                "架設年度": "1991",
                "橋長": 368.0,
                "幅員": 9.8,
                "点検年度": 2023,
                "判定区分": "2",
                "措置状況": "8",
                "更新日時": "2026-05-21T18:39:53+09:00"
            }
        },
        {
            "type": "Feature",
            "geometry": {
                "type": "Point",
                "coordinates": [
                    139.83776,
                    35.84721
                ]
            },
            "properties": {
                "施設ID": "35.84723,139.83774",
                "橋梁名": "八條小橋",
                "路線名": "県道草加流山線",
                "管理者": "埼玉県",
                "管理事務所": "越谷県土整備事務所",
                "緯度": 35.84721,
                "経度": 139.83776,
                "架設年度": "1968",
                "橋長": 4.2,
                "幅員": 15.1,
                "点検年度": 2025,
                "判定区分": "2",
                "措置状況": "8",
                "更新日時": "2026-02-12T15:58:23+09:00"
            }
        },
        {
            "type": "Feature",
            "geometry": {
                "type": "Point",
                "coordinates": [
                    139.83402,
                    35.84727
                ]
            },
            "properties": {
                "施設ID": "35.84727,139.83402",
                "橋梁名": "八潮立体高架橋(上り)",
                "路線名": "国道298号",
                "管理者": "関東地方整備局",
                "管理事務所": "北首都国道事務所",
                "緯度": 35.84727,
                "経度": 139.83402,
                "架設年度": "1995",
                "橋長": 273.7,
                "幅員": 9.0,
                "点検年度": 2024,
                "判定区分": "2",
                "措置状況": "8",
                "更新日時": "2025-11-01T00:00:01+09:00"
            }
        },
        {
            "type": "Feature",
            "geometry": {
                "type": "Point",
                "coordinates": [
                    139.83559,
                    35.84729
                ]
            },
            "properties": {
                "施設ID": "35.84729,139.83559",
                "橋梁名": "溝橋(21.460kp)D",
                "路線名": "国道298号　現道",
                "管理者": "関東地方整備局",
                "管理事務所": "北首都国道事務所",
                "緯度": 35.84729,
                "経度": 139.83559,
                "架設年度": "",
                "橋長": 2.9,
                "幅員": 30.6,
                "点検年度": 2025,
                "判定区分": "2",
                "措置状況": "8",
                "更新日時": "2026-08-05T16:29:23+09:00"
            }
        },
        {
            "type": "Feature",
            "geometry": {
                "type": "Point",
                "coordinates": [
                    139.83469,
                    35.8474
                ]
            },
            "properties": {
                "施設ID": "35.84740,139.83469",
                "橋梁名": "八潮第1交差橋(北)",
                "路線名": "国道298号",
                "管理者": "関東地方整備局",
                "管理事務所": "北首都国道事務所",
                "緯度": 35.8474,
                "経度": 139.83469,
                "架設年度": "1987",
                "橋長": 13.3,
                "幅員": 23.6,
                "点検年度": 2024,
                "判定区分": "1",
                "措置状況": "0",
                "更新日時": "2025-11-01T00:00:01+09:00"
            }
        },
        {
            "type": "Feature",
            "geometry": {
                "type": "Point",
                "coordinates": [
                    139.83517,
                    35.84761
                ]
            },
            "properties": {
                "施設ID": "35.84761,139.83517",
                "橋梁名": "溝橋(21.400kp)D",
                "路線名": "国道298号",
                "管理者": "関東地方整備局",
                "管理事務所": "北首都国道事務所",
                "緯度": 35.84761,
                "経度": 139.83517,
                "架設年度": "1987",
                "橋長": 3.6,
                "幅員": 3.6,
                "点検年度": 2025,
                "判定区分": "1",
                "措置状況": "0",
                "更新日時": "2026-08-05T16:36:29+09:00"
            }
        },
        {
            "type": "Feature",
            "geometry": {
                "type": "Point",
                "coordinates": [
                    139.83372,
                    35.84791
                ]
            },
            "properties": {
                "施設ID": "35.84763,139.83332",
                "橋梁名": "溝橋17",
                "路線名": "国道298号",
                "管理者": "関東地方整備局",
                "管理事務所": "北首都国道事務所",
                "緯度": 35.84791,
                "経度": 139.83372,
                "架設年度": "1996",
                "橋長": 13.0,
                "幅員": 75.0,
                "点検年度": 2023,
                "判定区分": "1",
                "措置状況": "0",
                "更新日時": "2025-11-01T00:00:01+09:00"
            }
        },
        {
            "type": "Feature",
            "geometry": {
                "type": "Point",
                "coordinates": [
                    139.83445,
                    35.84768
                ]
            },
            "properties": {
                "施設ID": "35.84768,139.83445",
                "橋梁名": "八潮立体高架橋(下り)",
                "路線名": "国道298号",
                "管理者": "関東地方整備局",
                "管理事務所": "北首都国道事務所",
                "緯度": 35.84768,
                "経度": 139.83445,
                "架設年度": "1989",
                "橋長": 329.6,
                "幅員": 9.0,
                "点検年度": 2021,
                "判定区分": "2",
                "措置状況": "8",
                "更新日時": "2025-11-01T00:00:01+09:00"
            }
        },
        {
            "type": "Feature",
            "geometry": {
                "type": "Point",
                "coordinates": [
                    139.84122,
                    35.84782
                ]
            },
            "properties": {
                "施設ID": "35.84782,139.84122",
                "橋梁名": "八條橋側道橋（右）",
                "路線名": "県道草加流山線",
                "管理者": "埼玉県",
                "管理事務所": "越谷県土整備事務所",
                "緯度": 35.84782,
                "経度": 139.84122,
                "架設年度": "1960",
                "橋長": 139.3,
                "幅員": 2.3,
                "点検年度": 2021,
                "判定区分": "2",
                "措置状況": "8",
                "更新日時": "2025-11-01T00:00:00+09:00"
            }
        },
        {
            "type": "Feature",
            "geometry": {
                "type": "Point",
                "coordinates": [
                    139.84119,
                    35.84788
                ]
            },
            "properties": {
                "施設ID": "35.84788,139.84119",
                "橋梁名": "八條橋",
                "路線名": "県道草加流山線",
                "管理者": "埼玉県",
                "管理事務所": "越谷県土整備事務所",
                "緯度": 35.84788,
                "経度": 139.84119,
                "架設年度": "1960",
                "橋長": 139.3,
                "幅員": 6.6,
                "点検年度": 2021,
                "判定区分": "2",
                "措置状況": "8",
                "更新日時": "2025-11-01T00:00:00+09:00"
            }
        },
        {
            "type": "Feature",
            "geometry": {
                "type": "Point",
                "coordinates": [
                    139.83424,
                    35.84805
                ]
            },
            "properties": {
                "施設ID": "35.84805,139.83424",
                "橋梁名": "溝橋(21.300kp)D",
                "路線名": "国道298号　現道",
                "管理者": "関東地方整備局",
                "管理事務所": "北首都国道事務所",
                "緯度": 35.84805,
                "経度": 139.83424,
                "架設年度": "1987",
                "橋長": 2.9,
                "幅員": 7.4,
                "点検年度": 2025,
                "判定区分": "1",
                "措置状況": "0",
                "更新日時": "2026-08-05T16:38:02+09:00"
            }
        },
        {
            "type": "Feature",
            "geometry": {
                "type": "Point",
                "coordinates": [
                    139.83369,
                    35.84794
                ]
            },
            "properties": {
                "施設ID": "35.84811,139.83363",
                "橋梁名": "溝橋16",
                "路線名": "国道298号",
                "管理者": "関東地方整備局",
                "管理事務所": "北首都国道事務所",
                "緯度": 35.84794,
                "経度": 139.83369,
                "架設年度": "1996",
                "橋長": 13.0,
                "幅員": 90.0,
                "点検年度": 2023,
                "判定区分": "2",
                "措置状況": "8",
                "更新日時": "2026-03-11T14:11:08+09:00"
            }
        },
        {
            "type": "Feature",
            "geometry": {
                "type": "Point",
                "coordinates": [
                    139.83572,
                    35.84815
                ]
            },
            "properties": {
                "施設ID": "35.84815,139.83572",
                "橋梁名": "市道1373-2号線橋",
                "路線名": "市道1373号線",
                "管理者": "八潮市",
                "管理事務所": "八潮市",
                "緯度": 35.84815,
                "経度": 139.83572,
                "架設年度": "",
                "橋長": 2.1,
                "幅員": 4.0,
                "点検年度": 2025,
                "判定区分": "2",
                "措置状況": "8",
                "更新日時": "2026-03-19T16:30:07+09:00"
            }
        },
        {
            "type": "Feature",
            "geometry": {
                "type": "Point",
                "coordinates": [
                    139.83772,
                    35.84775
                ]
            },
            "properties": {
                "施設ID": "35.84823,139.83703",
                "橋梁名": "市道1373-1号線橋",
                "路線名": "市道1373号線",
                "管理者": "八潮市",
                "管理事務所": "八潮市",
                "緯度": 35.84775,
                "経度": 139.83772,
                "架設年度": "",
                "橋長": 3.2,
                "幅員": 3.4,
                "点検年度": 2025,
                "判定区分": "1",
                "措置状況": "0",
                "更新日時": "2026-03-19T16:29:36+09:00"
            }
        },
        {
            "type": "Feature",
            "geometry": {
                "type": "Point",
                "coordinates": [
                    139.83387,
                    35.84826
                ]
            },
            "properties": {
                "施設ID": "35.84826,139.83387",
                "橋梁名": "溝橋(21.260kp)D",
                "路線名": "国道298号　現道",
                "管理者": "関東地方整備局",
                "管理事務所": "北首都国道事務所",
                "緯度": 35.84826,
                "経度": 139.83387,
                "架設年度": "1987",
                "橋長": 2.9,
                "幅員": 12.5,
                "点検年度": 2025,
                "判定区分": "1",
                "措置状況": "0",
                "更新日時": "2026-08-06T14:35:52+09:00"
            }
        },
        {
            "type": "Feature",
            "geometry": {
                "type": "Point",
                "coordinates": [
                    139.83183,
                    35.84833
                ]
            },
            "properties": {
                "施設ID": "35.84833,139.83183",
                "橋梁名": "八条第2交差橋(南)",
                "路線名": "国道298号",
                "管理者": "関東地方整備局",
                "管理事務所": "北首都国道事務所",
                "緯度": 35.84833,
                "経度": 139.83183,
                "架設年度": "1996",
                "橋長": 13.3,
                "幅員": 22.8,
                "点検年度": 2021,
                "判定区分": "1",
                "措置状況": "0",
                "更新日時": "2025-11-01T00:00:01+09:00"
            }
        },
        {
            "type": "Feature",
            "geometry": {
                "type": "Point",
                "coordinates": [
                    139.83042,
                    35.84887
                ]
            },
            "properties": {
                "施設ID": "35.84887,139.83042",
                "橋梁名": "綾瀬川南放水路横断橋",
                "路線名": "国道298号",
                "管理者": "関東地方整備局",
                "管理事務所": "北首都国道事務所",
                "緯度": 35.84887,
                "経度": 139.83042,
                "架設年度": "2003",
                "橋長": 17.4,
                "幅員": 4.5,
                "点検年度": 2022,
                "判定区分": "2",
                "措置状況": "8",
                "更新日時": "2025-11-01T00:00:01+09:00"
            }
        }
    ]
}